Country,PEPFAR_2014,NNPTSigned_2014,NNPTDeposited_2014,NNPTSignedAndDeposited_2014,MaternalHealthAccessToCare_2014,TIPS_2013,ICAOMember_2014,UNESCOMember_2014,FAOMember_2014,OASMember_2014,UNGAMember_2014,OSCEMember_2014,OECDMember_2014,NATOMember_2014,EUMember_2014,AUMember_2014,UNHCRMember_2014,MLOIndex_2014,APECMember_2014,NAFTAMember_2014,WTOMember_2014,ASEANMember_2014,CBERAMember_2014,CAFTAMember_2014,TPIndex_2014,USAID-GlobalHealth_2014,USAID-DHRA_2014,USAID-WatSan_2014,USAID-CrisisConflict_2014,USAID-GenderWomen_2014,USAID-EnvClimate_2014,USAID-ScienceTech_2014,NIV_1997,NIV_1998,NIV_1999,NIV_2000,NIV_2001,NIV_2002,NIV_2003,NIV_2004,NIV_2005,NIV_2006,NIV_2007,NIV_2008,NIV_2009,NIV_2010,NIV_2011,NIV_2012,NIV_2013,ChildMort_2012,MalariaElim_2012,TBIncidence-100k_2012,TBDrugResistance-2012
Afghanistan,,X,X,2,Poor,Tier 2 Watch List,Member,Member,Member,,Member,,,,,,,4,,,Observer,,,,1,1,1,1,,1,1,1,2285,2164,2217,1991,1988,1121,1346,1539,1912,2043,2611,2454,2775,2638,3254,2884,3078,98.5,4,189,0
Albania,,,X,1,Poor,Tier 2 Watch List,Member,Member,Member,,Member,Member,,Member,,,,6,,,Member,,,,1,,1,,,,,,2616,3933,4912,7245,7661,6194,5996,5620,7391,6337,6772,8453,7373,6853,6077,6576,6251,16.7,0,16,0
Algeria,,,X,1,Poor,Tier 3,Member,Member,Member,,Member,,,,,Member,Member,6,,,Observer,,,,1,,,,,,,,6878,6597,6454,6685,7069,3694,3114,3727,4075,4614,4855,5947,6581,6404,5882,7364,8774,20,2,89,1
Andorra,,,X,1,,,Member,Member,Member,,Member,Member,,,,,,5,,,Observer,,,,1,,,,,,,,21,24,25,24,11,32,23,26,35,26,51,29,27,37,25,30,25,3.2,0,13,0
Angola,1,,X,1,Poor,Tier 2 Watch List,Member,Member,Member,,Member,,,,,Member,,5,Member,,Member,,,,2,1,1,,,1,,,2401,2222,2843,3529,3565,2545,2418,2645,3240,3342,3754,3798,4632,4506,5678,7778,9091,163.5,4,316,0
Antigua and Barbuda,2,,X,1,Fair,Tier 2,Member,Member,Member,Member,Member,,,,,,,5,,,Member,,Member,,2,,,,,,,,3304,3144,4150,3462,2813,2962,3795,4100,2996,3390,3229,3071,3450,2601,2190,2212,2168,9.9,0,3.9,0
Argentina,,,X,1,Fair,Tier 2,Member,Member,Member,Member,Member,,,,,,Member,6,,,Member,,,,1,,,,,,,,11226,12089,12636,13793,15375,90474,88256,82393,82393,97431,112895,121909,133382,148656,194533,261110,253004,14.2,3,25,1
Armenia,,,X,1,Poor,Tier 1,Member,Member,Member,,Member,Member,,,,,,5,,,Member,,,,1,1,1,1,1,1,1,1,5397,5673,12271,12488,11125,7144,5483,5474,5483,5009,4471,5162,4880,4614,4060,5294,6120,16.4,0,52,1
Australia,,X,X,2,Excellent,Tier 1,Member,Member,Member,,Member,,Member,,,,Member,6,,,Member,,,,1,,,,,,,,26973,28044,30576,31145,32472,29133,28488,30387,29449,31021,32126,35492,31617,33114,34230,35353,36735,4.9,0,6.5,1
Austria,,X,X,2,Excellent,Tier 1,Member,Member,Member,,Member,Member,Member,,Member,,,7,,,Member,,,,1,,,,,,,,8203,7832,8205,7772,7333,6343,5840,5536,6103,6176,6024,6084,5704,5999,6166,6382,6328,4,0,7.9,1
Azerbaijan,,,X,1,Poor,Tier 2,Member,Member,Member,,Member,Member,,,,,Member,6,,,Observer,,,,1,,,,,,,,1482,1776,2330,2582,2469,2069,2514,2397,2359,2881,3354,4042,4449,4895,5040,5599,5987,35.2,2,95,1
Bahrain,,,X,1,Good,Tier 2 Watch List,Member,Member,Member,,Member,,,,,,,4,,,Member,,,,1,,,,,,,,2948,2694,2502,2815,2826,1193,1490,1610,2305,2405,2816,3086,2796,3196,3534,3963,4593,9.6,0,20,0
Bangladesh,,,X,1,Poor,Tier 2,Member,Member,Member,,Member,,,,,,Member,5,,,Member,,,,1,1,,,1,1,,,12688,14154,16119,17013,18731,10407,8444,8720,9466,9409,8539,8627,10544,11106,11238,15911,28080,40.9,4,225,1
Barbados,1,X,X,2,Fair,Tier 2 Watch List,Member,Member,Member,Member,Member,,,,,,,5,,,Member,,Member,,2,,,,,,,,9957,11649,12447,11099,10258,8979,12063,13128,13128,12631,11495,12671,12319,9631,9207,8660,8671,18.4,0,1.6,0
Belarus,,,X,1,Poor,Tier 2 Watch List,Member,Member,Member,,Member,Member,,,,,,5,,,Observer,,,,1,,,,,,,,5643,6167,8583,8867,8166,8676,11051,9421,9363,9749,9650,9532,9380,10643,10319,11018,10739,5.2,0,70,1
Belgium,,X,X,2,Excellent,Tier 1,Member,Member,Member,,Member,Member,Member,Member,Member,,Member,9,,,Member,,,,1,,,,,,,,6236,6730,6443,6958,6059,6128,7589,6693,5553,5418,6066,6058,6538,6213,6236,7492,6695,4.2,0,9.7,1
Belize,2,,X,1,Poor,Tier 2,Member,Member,Member,Member,Member,,,,,,,5,,,Member,,Member,,2,,,,,,,,7106,7055,9499,11125,10198,6890,6413,5203,5203,6314,5827,5520,5635,4420,4140,5362,5212,18.3,3,40,0
Benin,,X,X,2,Unsuitable,Tier 2,Member,Member,Member,,Member,,,,,Member,Member,6,Member,,Member,,,,2,,,,,,,,1115,1100,1433,1481,1336,855,944,1123,1268,1497,1582,1910,1566,1691,1662,1821,1598,89.5,4,70,0
Bhutan,,,X,1,Poor,Tier 2,Member,Member,Member,,Member,,,,,,,4,,,Observer,,,,1,,,,,,,,224,242,329,335,407,369,367,438,451,414,544,803,432,511,486,521,564,44.6,3,180,1
Bolivia,,X,X,2,Poor,Tier 2,Member,Member,Member,Member,Member,,,,,,,5,,,Member,,,,1,,,,,,,,12746,14521,20543,34751,16387,9408,8443,10581,10581,9931,11579,12846,15661,16066,13272,12064,15220,41.4,4,127,0
Bosnia and Herzegovina,,,X,1,Fair,Tier 2,Member,Member,Member,,Member,Member,,,,,,5,,,Observer,,,,1,,,,,,,,2893,3505,6005,8414,8805,6248,6516,7577,7722,7635,7757,6858,6160,6403,7136,6360,5466,6.7,0,49,0
Botswana,1,X,X,2,Fair,Tier 2,Member,Member,Member,,Member,,,,,Member,,5,Member,,Member,,,,2,,,,,,,,850,1238,1153,1387,1322,1191,1048,1218,1385,1089,1322,1466,1226,1191,1273,1341,1129,53.3,4,408,1
Brazil,3,,X,1,Poor,Tier 2,Member,Member,Member,,Member,,,,,,Member,5,,,Member,,,,1,1,,,,1,1,,575041,496683,313034,261096,240609,129605,108795,159103,159103,283762,359735,449889,484038,556061,801371,1049689,982463,14.4,4,46,1
Brunei,,,X,1,Good,Tier 2,Member,Member,Member,,Member,,,,,,,4,,,Member,Member,,,2,,,,,,,,397,205,142,210,154,178,168,181,189,127,228,324,209,266,375,379,438,8,0,68,0
Bulgaria,,X,X,2,Fair,Tier 2,Member,Member,Member,,Member,Member,,Member,Member,,Member,8,,,Member,,,,1,,,,,,,,12957,16262,18558,19401,22763,21730,23034,25244,26816,28643,28838,28681,22021,20874,24354,23283,20944,12.1,0,32,1
Burkina Faso,,X,X,2,Unsuitable,Tier 2,Member,Member,Member,,Member,,,,,Member,,5,Member,,Member,,,,2,,,,,,,,1196,1379,1353,1355,1952,1507,1426,1617,1861,2243,2499,2264,2159,1890,1967,2588,2709,102.4,4,54,1
Burma,1,,X,1,Unsuitable,Tier 2 Watch List,Member,,Member,,Member,,,,,,,3,,,Member,Member,,,2,1,1,,,,,,3452,4083,4386,5431,4505,2994,3232,3764,4317,4366,4127,4397,5335,5910,6773,6967,8438,52.3,4,377,1
Burundi,1,,X,1,Poor,Tier 2 Watch List,Member,Member,Member,,Member,,,,,Member,,5,Member,,Member,,,,2,,,,,,,,461,431,506,671,901,832,535,705,864,1074,1019,972,892,835,999,1147,1385,104.3,4,130,0
Cabo Verde,,,X,1,,Tier 2 Watch List,Member,Member,Member,,Member,,,,,Member,,5,Member,,Member,,,,2,,,,,,,,4262,2885,2909,3321,5986,3295,1483,1438,1733,2115,2225,2294,2049,1826,1835,2100,2255,22.2,3,144,0
Cambodia,1,,X,1,Good,Tier 2,Member,Member,Member,,Member,,,,,,,4,,,Member,Member,,,2,1,1,,,,,,3050,676,895,2550,4439,3371,4019,5080,4852,4225,3814,3824,3545,3591,3212,3663,4683,39.7,4,411,1
Cameroon,1,X,X,2,Poor,Tier 1,Member,Member,Member,,Member,,,,,Member,Member,6,Member,,Member,,,,2,,,,,,,,2970,3303,5106,5403,6891,7476,7634,7085,7276,7334,7698,7669,7628,7795,7579,7403,7456,94.9,4,238,0
Canada,,X,X,2,Excellent,Tier 2,Member,Member,Member,Member,Member,Member,Member,Member,,,Member,9,,Member,Member,,,,2,,,,,,,,4062,4344,4935,5237,5475,6887,5454,6037,6037,5527,5800,5909,5079,4832,6477,6537,6805,5.3,0,4.6,1
Central African Republic,,,,0,Unsuitable,Tier 3,Member,Member,Member,,Member,,,,,Suspended,,4.5,Member,,Member,,,,2,,,,,,,,210,210,232,344,468,434,150,166,234,239,258,240,272,275,248,272,233,128.60001,4,367,0
Chad,,X,X,2,Unsuitable,Tier 2 Watch List,Member,Member,Member,,Member,,,,,Member,,5,Member,,Member,,,,2,,,,,,,,499,716,591,596,620,628,603,703,779,730,920,609,781,582,609,624,731,149.8,4,151,0
Chile,,,X,1,Good,Tier 2,Member,Member,Member,Member,Member,,Member,,,,Member,7,,,Member,,,,1,,,,,,,,55696,55464,55311,66451,64395,46144,39491,39973,39973,44948,49526,57011,48152,51371,70479,70281,80424,9.1,0,16,1
China,2,,X,1,Poor,Tier 3 Auto-Downgrade,Member,Member,Member,,Member,,,,,,Member,5,,,Member,,,,1,,,,,,,,250503,255114,252673,315536,345748,288100,216949,262963,325955,382085,443802,503433,524949,706818,945040,1283250,1467558,14,0,73,1
Colombia,,X,X,2,Poor,Tier 1,Member,Member,Member,Member,Member,,,,,,Member,6,,,Member,,,,1,1,1,1,1,1,,,176438,236891,280238,195058,197407,182721,200359,194720,194720,186738,196100,204256,208920,163777,234700,337336,465249,17.6,4,33,1
Comoros,,,X,1,Poor,Tier 2 Watch List,Member,Member,Member,,Member,,,,,Member,,5,Member,,Observer,,,,2,,,,,,,,51,47,43,71,112,67,63,79,103,111,96,137,97,85,130,131,147,77.6,4,34,0
Costa Rica,2,X,X,2,Excellent,Tier 2,Member,Member,Member,Member,Member,,,,,,Member,6,,,Member,,,Member,2,,,,,,,,50732,56032,54387,57594,47076,38530,30845,31744,31744,39268,39057,42882,36774,44075,41432,42972,41692,9.9,3,11,0
CÃ´te d'Ivoire,1,X,X,2,Unsuitable,Tier 2,Member,Member,Member,,Member,,,,,Member,Member,6,Member,,Member,,,,2,,,,,,,,4756,4627,4393,3991,4702,3661,2495,2803,2349,2678,2825,3415,3415,2944,2689,4622,4614,107.6,4,172,0
Croatia,,,X,1,Good,Tier 2,Member,Member,Member,,Member,Member,,Member,Member,,Member,8,,,Member,,,,1,,,,,,,,17303,18662,20165,21197,20340,15359,15092,15657,16496,15747,17740,18730,16104,15042,16166,16524,15612,4.7,0,14,0
Cuba,,,X,1,Good,Tier 3,Member,Member,Member,,Member,,,,,,,4,,,Member,,,,1,,,,,,,,7215,10473,9197,44283,27800,21822,10122,11843,11843,9046,12723,13108,19624,23114,18892,20200,36787,5.5,0,9.3,1
Cyprus,,X,X,2,Good,Tier 2,Member,Member,Member,,Member,Member,,,Member,,Member,7,,,Member,,,,1,,,,,,,,6872,6920,7180,7307,6383,4557,4572,4727,4843,4531,4761,5862,5009,5276,5305,4921,4039,3.2,0,5.4,0
Czech Republic,,,X,1,Good,Tier 1,Member,Member,Member,,Member,Member,Member,Member,Member,,,8,,,Member,,,,1,,,,,,,,46676,49031,44457,42932,40541,30252,28858,30632,34024,32118,31315,33483,10024,6974,7001,6929,7001,3.8,0,5.3,1
Democratic Republic of the Congo,1,X,X,2,Unsuitable,Tier 3,Member,Member,Member,,Member,,,,,Member,Member,6,Member,,Member,,,,2,1,1,1,1,1,1,,611,652,791,3229,4312,2783,2151,2412,2714,2513,2731,3512,3253,3314,3825,5320,5174,145.7,4,327,1
Denmark,,X,X,2,Excellent,Tier 1,Member,Member,Member,,Member,Member,Member,Member,Member,,Member,9,,,Member,,,,1,,,,,,,,10830,10316,10111,9569,8667,7468,6947,8352,8334,8016,8415,7903,7687,7637,8295,8554,8787,3.7,0,7.4,0
Djibouti,3,,X,1,Poor,Tier 2 Watch List,Member,Member,Member,,Member,,,,,Member,Member,6,Member,,Member,,,,2,,,,,,,,398,908,569,715,510,184,412,294,279,231,289,385,608,516,576,538,374,80.9,4,620,0
Dominica,2,,X,1,Good,,,Member,Member,Member,Member,,,,,,,4,,,Member,,Member,,2,,,,,,,,2472,3062,4226,2817,2002,1419,2047,2336,2336,2090,1788,1977,2269,1993,1465,1324,1284,12.6,0,13,0
Dominican Republic,1,X,X,2,Fair,Tier 2,Member,Member,Member,Member,Member,,,,,,,5,,,Member,,,Member,2,1,1,,,,,,58919,61940,69371,50171,52738,49038,44152,35780,35780,77465,70035,69050,70780,68102,65261,73006,58851,27.1,4,62,1
Ecuador,,X,X,2,Poor,Tier 2,Member,Member,Member,Member,Member,,,,,,Member,6,,,Member,,,,1,,1,,,1,,,62287,66942,45104,38763,69906,76826,60088,49504,49504,54738,67215,63612,50285,59465,78950,95063,112211,23.3,3,59,1
Egypt,,X,X,2,Fair,Tier 2,Member,Member,Member,,Member,,,,,Suspended,Member,5.5,,,Member,,,,1,1,1,1,,,,1,40696,41717,43486,48883,50138,20397,15831,18562,23911,30989,31750,31197,33881,34890,45449,65831,49489,21,1,17,1
El Salvador,2,X,X,2,Poor,Tier 2,Member,Member,Member,Member,Member,,,,,,,5,,,Member,,,Member,2,1,,,1,1,,,39112,56644,67590,73054,96748,58012,36636,25146,25146,20493,26966,27352,20637,26642,28357,31110,27318,15.9,3,25,0
Equatorial Guinea,,,X,1,Unsuitable,Tier 3,Member,Member,Member,,Member,,,,,Member,,5,Member,,Observer,,,,2,,,,,,,,164,160,234,316,362,428,415,506,598,643,683,687,800,763,1027,1203,1470,100.3,4,139,0
Eritrea,,,X,1,Poor,Tier 3,Member,Member,Member,,Member,,,,,Member,,5,Member,,,,,,1,,,,,,,,1343,1227,1963,1694,1704,1693,1557,1721,1546,1291,869,739,773,723,762,942,1602,51.8,4,93,0
Estonia,,,X,1,Good,Tier 2,Member,Member,Member,,Member,Member,Member,Member,Member,,Member,9,,,Member,,,,1,,,,,,,,5214,5206,6278,6444,6150,5653,5356,5188,6183,6302,7540,7954,2452,1505,1522,1623,1614,3.6,0,23,1
Ethiopia,1,X,X,2,Unsuitable,Tier 2,Member,Member,Member,,Member,,,,,Member,Member,6,Member,,Observer,,,,2,1,1,1,,1,1,,5297,5912,6702,7185,7132,5859,7051,6077,5731,7768,9346,9951,9382,9114,10950,12674,13856,68.3,4,247,1
Federated States of Micronesia,,,X,1,Poor,Tier 2 Watch List,Member,Member,Member,,Member,,,,,,,4,,,,,,,0,,,,,,,,6,14,8,16,10,11,10,20,12,2,12,12,2,3,13,19,21,38.5,0,194,0
Fiji,,,X,1,Fair,Tier 2,Member,Member,Member,,Member,,,,,,,4,,,Member,,,,1,,,,,,,,4667,4645,5735,4946,4340,2892,3598,4255,4270,4167,4168,4471,3352,3468,3002,2974,3666,22.4,4,24,0
Finland,,X,X,2,Excellent,Tier 1,Member,Member,Member,,Member,Member,Member,,Member,,Member,8,,,Member,,,,1,,,,,,,,5585,5977,6141,5776,5648,5226,4347,4504,5073,4961,5442,5263,4491,4641,4699,5072,5249,2.9,0,5.5,1
France,,,X,1,Excellent,Tier 1,Member,Member,Member,,Member,Member,Member,Member,Member,,Member,9,,,Member,,,,1,,,,,,,,37730,39931,41872,45188,47323,38105,37463,36829,38616,91454,44042,45891,43271,44601,45779,44456,45532,4.1,0,8.2,1
Gabon,,,X,1,Poor,Tier 2,Member,Member,Member,,Member,,,,,Member,,5,Member,,Member,,,,2,,,,,,,,1161,1155,1282,1323,1308,1128,838,888,1062,1125,1086,1196,1160,1242,1392,1321,1490,62,4,428,0
Gambia,,X,X,2,Poor,Tier 2 Watch List,Member,Member,Member,,Member,,,,,Member,,5,Member,,Member,,,,2,,,,,,,,1586,1646,2012,2835,2934,4119,3442,2188,2042,1341,1519,1544,2269,2636,1972,1274,1259,72.9,4,284,0
Georgia,,,X,1,Fair,Tier 2,Member,Member,Member,,Member,Member,,,,,,5,,,Member,,,,1,1,1,,,1,1,,3615,5815,7587,4149,4062,4288,4991,5130,4581,6185,5219,5709,5530,5858,6028,6004,6093,19.9,0,116,1
Germany,,X,X,2,Excellent,Tier 1,Member,Member,Member,,Member,Member,Member,Member,Member,,Member,9,,,Member,,,,1,,,,,,,,72868,72488,74756,74915,72567,62632,59338,60150,64601,63201,65809,65890,59900,59963,63663,63241,63451,4.1,0,5.6,1
Ghana,1,X,X,2,Poor,Tier 2,Member,Member,Member,,Member,,,,,Member,Member,6,Member,,Member,,,,2,1,1,1,,,,,11593,13291,18690,18482,19995,19061,18386,20951,13552,11392,13076,18722,15618,13734,13138,15651,14130,72,4,72,0
Greece,,X,X,2,Good,Tier 2,Member,Member,Member,,Member,Member,Member,Member,Member,,Member,9,,,Member,,,,1,,,,,,,,45609,41622,42281,43567,40183,28851,30413,32755,36508,33423,36891,41238,36533,19251,6233,7034,7382,4.8,0,4.5,1
Grenada,2,,X,1,Fair,,Member,Member,Member,Member,Member,,,,,,,5,,,Member,,Member,Member,3,,,,,,,,3000,4512,5918,4506,2954,1905,3566,3831,3831,2889,2451,3097,3570,2626,2288,1877,2232,13.5,0,4.1,0
Guatemala,2,X,X,2,Poor,Tier 2,Member,Member,Member,Member,Member,,,,,,,5,,,Member,,,,1,,,,,,,,46396,55387,64388,64733,71352,41899,34283,29271,29271,35320,32553,44643,47755,52378,57401,59134,51513,32,4,60,0
Guinea,,,X,1,Unsuitable,Tier 2 Watch List,Member,Member,Member,,Member,,,,,Member,Member,6,Member,,Member,,,,2,,,,,,,,3834,5992,3456,3885,5058,4362,3871,3751,2661,2923,2349,2255,1582,1128,1531,1592,1814,101.2,4,178,0
Guinea Bissau,,,X,1,Unsuitable,Tier 3,Member,Member,Member,,Member,,,,,Suspended,,4.5,Member,,Member,,,,2,,,,,,,,251,185,153,266,260,157,138,162,141,149,154,149,134,134,132,139,157,129.10001,4,242,0
Guyana,1,,X,1,Poor,Tier 2 Watch List,Member,Member,Member,Member,Member,,,,,,,5,,,Member,,Member,,2,,,,,,,,9201,8392,7194,5891,12508,12821,8335,5761,5761,4840,4339,4786,6561,5610,7495,14306,15981,35.2,4,109,0
Haiti,1,X,X,2,Unsuitable,Tier 2 Watch List,Member,Member,Member,Member,Member,,,,,,,5,,,Member,,Member,,2,1,1,,1,,,,16355,20551,26565,27609,25623,22297,20114,23268,23268,20332,32591,35463,25983,23970,24550,29213,36518,75.6,4,213,0
Honduras,2,X,X,2,Poor,Tier 2 Watch List,Member,Member,Member,Member,Member,,,,,,,5,,,Member,,,Member,2,,1,,,,,,24875,32672,31209,36776,35202,30434,22999,22808,22808,29815,30933,30213,27853,30753,33259,38415,41227,22.9,4,54,0
Hong Kong,,,,,,,,,,,,,,,,,,,,,,,,,,,,,,,,,5194,35766,24374,25857,30764,22676,20183,30365,43108,47454,50815,49802,32562,37865,43714,46600,47941,,,77,
Hungary,,X,X,2,Good,Tier 2,Member,Member,Member,,Member,Member,Member,Member,Member,,Member,9,,,Member,,,,1,,,,,,,,44051,40435,40975,42908,32982,20378,18410,18569,21499,23104,25531,27001,6980,5061,5458,5505,5271,6.2,0,18,1
Iceland,,X,X,2,Excellent,Tier 1,Member,Member,Member,,Member,Member,Member,Member,,,,7,,,Member,,,,1,,,,,,,,2111,2485,1944,1833,1899,1506,1526,1507,1491,1295,1354,1259,887,1181,1355,1380,1698,2.3,0,3.5,0
India,1,,,0,Poor,Tier 2,Member,Member,Member,,Member,,,,,,Member,5,,,Member,,,,1,1,1,1,1,1,1,1,249715,295220,331784,396853,416559,332546,336516,389398,378039,437687,653060,632871,499686,528286,554267,582098,684176,56.3,4,176,1
Indonesia,1,X,X,2,Poor,Tier 2,Member,Member,Member,,Member,,,,,,,4,,,Member,Member,,,2,1,,,1,1,,,78213,38837,50835,70299,68736,36395,31836,41421,55570,51825,44521,40498,42378,46052,62434,65520,69740,31,4,185,1
Iran,,X,X,2,Fair,Tier 3,Member,Member,Member,,Member,,,,,,Member,5,,,Observer,,,,1,,,,,,,,21164,23296,23362,24932,22749,13071,7486,9125,10805,11575,12442,12635,17518,19822,23864,25446,26091,17.6,2,21,1
Iraq,,X,X,2,Poor,Tier 2,Member,Member,Member,,Member,,,,,,,4,,,Observer,,,,1,1,,,1,,,,2467,2378,2395,2993,3546,2086,1355,2366,3418,3255,3132,3714,5020,5905,8096,10399,14529,34.4,0,45,0
Ireland,,X,X,2,Excellent,Tier 1,Member,Member,Member,,Member,Member,,,Member,,Member,7,,,Member,,,,1,,,,,,,,14573,16846,18811,20407,21074,16561,16991,13456,16763,15009,15389,16583,13342,14444,17752,18530,19460,4,0,8.6,1
Israel,,,,0,Excellent,Tier 1,Member,Member,Member,,Member,,Member,,,,Member,6,,,Member,,,,1,,,,,,,,129580,128338,129303,143297,147745,108892,102586,104115,118331,125018,163836,188440,135434,124142,137645,132854,129369,4.2,0,7.6,1
West Bank,,,,0,,,,,,,,,,,,,,0,,,,,,,0,1,1,1,1,,,,,,,,,,,,,,,,,,,,,,,,
Gaza Strip,,,,0,,,,,,,,,,,,,,0,,,,,,,0,1,1,1,1,,,,,,,,,,,,,,,,,,,,,,,,
Italy,,X,X,2,Excellent,Tier 1,Member,Member,Member,,Member,Member,Member,Member,Member,,Member,9,,,Member,,,,1,,,,,,,,21665,22036,22946,22648,20606,18949,18929,20954,22801,53947,26010,24242,22514,23333,23023,25216,26894,3.8,0,6.7,1
Jamaica,2,X,X,2,Fair,Tier 2,Member,Member,Member,Member,Member,,,,,,,5,,,Member,,Member,,2,,,,,,,,37409,48904,71331,82190,71271,44991,36790,44458,44458,65405,71117,66541,61899,43171,49485,49831,55118,16.8,0,6.6,0
Japan,,X,X,2,Excellent,Tier 2,Member,Member,Member,,Member,,Member,,,,Member,6,,,Member,,,,1,,,,,,,,116093,117712,112944,111140,112062,101433,94329,95360,89269,85119,80982,76623,66586,65771,71218,75071,76473,3,0,19,1
Jordan,,X,X,2,Fair,Tier 2,Member,Member,Member,,Member,,,,,,Member,5,,,Member,,,,1,,,,,,,,15423,16320,19403,21811,25472,13174,12185,12861,14500,15165,17682,17295,17720,16023,18004,21825,25348,19.1,0,5.8,0
Kazakhstan,2,,X,1,Poor,Tier 2,Member,Member,Member,,Member,Member,,,,,,5,,,Observer,,,,1,1,1,,,,,,3805,4686,4515,5161,5368,5193,5264,5780,7413,9481,12173,14636,11829,14491,17405,18257,19006,18.7,0,137,1
Kenya,1,X,X,2,Poor,Tier 2 Watch List,Member,Member,Member,,Member,,,,,Member,Member,6,Member,,Member,,,,2,1,1,1,1,1,1,,9628,10646,11483,12971,20971,14204,11272,13528,13947,15892,17002,18939,16827,16029,14486,15111,16740,72.9,4,272,1
Kiribati,,,X,1,Poor,Tier 2,Member,Member,Member,,Member,,,,,,,4,,,,,,,0,,,,,,,,1001,951,757,702,936,748,782,825,629,527,611,666,666,470,562,495,467,59.9,0,429,0
Kosovo,,,,0,Fair,Tier 2,,,Member,,Member,,,,,,,2,,,,,,,0,,1,,,1,,,,,,,,,,,,,,626,2194,3554,3774,4328,3868,,0,,1
Kuwait,,X,X,2,Good,Tier 3,Member,Member,Member,,Member,,,,,,,4,,,Member,,,,1,,,,,,,,13038,16240,13923,10443,9537,3776,4723,5661,7990,9235,11246,12737,16917,16238,18003,21826,24777,11,0,26,0
Kyrgyzstan,2,,X,1,Poor,Tier 2,Member,Member,Member,,Member,Member,,,,,,5,,,Member,,,,1,1,1,,,1,,,1446,1683,1605,1825,1704,1808,1699,1662,1612,1754,2357,2753,2664,3258,3951,3759,4288,26.6,1,141,1
Laos,2,X,X,2,Unsuitable,Tier 2,Member,Member,Member,,Member,,,,,,,4,,,Member,Member,,,2,,,,,,,,1019,1168,1135,1454,2415,2282,1953,2466,2930,3294,3676,3155,2320,1915,1371,1800,3023,71.8,4,204,0
Latvia,,,X,1,Good,Tier 2,Member,Member,Member,,Member,Member,,Member,Member,,,7,,,Member,,,,1,,,,,,,,4848,5399,6090,7144,7556,6995,7158,7283,8555,7571,8416,8127,3564,3349,3528,3248,2343,8.7,0,53,1
Lebanon,,X,X,2,Fair,Tier 2 Watch List,Member,Member,Member,,Member,,,,,,Member,5,,,Observer,,,,1,,1,1,,1,,1,16144,16265,20523,24697,28440,12169,9758,14331,13581,16083,21683,19888,17480,16445,17816,20578,26314,9.3,0,16,0
Lesotho,1,X,X,2,Poor,Tier 2 Watch List,Member,Member,Member,,Member,,,,,Member,Member,6,Member,,Member,,,,2,,,,,,,,210,309,248,323,221,266,260,243,294,276,259,272,263,275,281,341,267,99.6,0,630,1
Liberia,3,X,X,2,Unsuitable,Tier 2 Watch List,Member,Member,Member,,Member,,,,,Member,,5,Member,,Observer,,,,2,1,,,1,,,,2056,2892,2692,4885,3015,1896,1224,1483,966,1120,1997,1529,1368,1809,2107,3169,3521,74.8,4,304,0
Libya,,X,X,2,Poor,Tier 3,Member,Member,Member,,Member,,,,,Member,,5,,,Observer,,,,1,,,,,,,,411,370,436,445,500,289,260,405,797,1092,2010,5375,3806,5922,2494,3226,4593,15.4,0,40,0
Liechtenstein,,,X,1,Excellent,,,,,,Member,Member,,,,,,2,,,Member,,,,1,,,,,,,,88,82,79,88,71,60,49,38,44,50,69,53,60,54,63,67,52,,0,,
Lithuania,,,X,1,Good,Tier 2,Member,Member,Member,,Member,Member,,Member,Member,,,7,,,Member,,,,1,,,,,,,,6954,6987,6924,14193,20466,12968,9395,8150,8097,8462,9427,9949,3156,2868,3017,2691,2688,5.4,0,66,1
Luxembourg,,X,X,2,Excellent,Tier 1,Member,Member,Member,,Member,Member,Member,Member,Member,,Member,9,,,Member,,,,1,,,,,,,,413,381,429,393,363,278,256,319,318,356,290,297,296,268,315,336,304,2.2,0,6.5,0
Macao,,,,,,,,,,,,,,,,,,,,,,,,,,,,,,,,,,,,1341,1611,930,613,744,1077,1039,1223,1251,987,1285,1732,2134,2503,,,83,
Macedonia,,,X,1,Fair,Tier 1,Member,Member,Member,,Member,Member,,,,,Member,6,,,Member,,,,1,,,,,,,,4482,4961,5287,4966,6340,5659,3995,3963,3859,4592,6417,6522,5848,6135,7224,7555,6779,7.4,0,18,1
Madagascar,,X,X,2,Unsuitable,Tier 2 Watch List,Member,Member,Member,,Member,,,,,Member,Member,6,Member,,Member,,,,2,,,,,,,,796,914,1097,1156,1136,944,988,1154,1198,1070,1013,1403,1275,1248,1200,1153,1446,58.2,4,234,0
Malawi,1,,X,1,Unsuitable,Tier 2,Member,Member,Member,,Member,,,,,Member,,5,Member,,Member,,,,2,,,,,,,,891,948,1101,1396,1290,1142,1110,1109,1267,1079,1036,1295,1092,1215,1126,1352,1335,71,4,163,0
Malaysia,,X,X,2,Good,Tier 2 Watch List,Member,Member,Member,,Member,,,,,,,4,,,Member,Member,,,2,,,,,,,,67941,37147,42892,52173,53191,27452,24598,34750,36723,38185,39649,41148,31059,36094,43598,47027,44840,8.5,3,80,0
Maldives,,X,X,2,Fair,Tier 2 Watch List,Member,Member,Member,,Member,,,,,,,4,,,Member,,,,1,,,,,,,,81,113,180,239,203,145,301,256,205,180,216,268,254,249,331,263,327,10.5,0,41,1
Mali,3,X,X,2,Unsuitable,Tier 2 Watch List,Member,Member,Member,,Member,,,,,Member,,5,Member,,Member,,,,2,1,1,,1,,,,2999,3329,3098,5433,6048,4377,4310,2746,2879,4487,2642,3021,2980,2624,3039,2079,2519,128,4,60,0
Malta,,X,X,2,Good,Tier 2,Member,Member,Member,,Member,Member,,,Member,,,6,,,Member,,,,1,,,,,,,,5184,4885,5114,5156,4348,2617,2555,3194,3056,2552,2826,2943,636,265,322,307,311,6.8,0,11,0
Marshall Islands,,,X,1,Poor,Tier 2 Watch List,Member,Member,Member,,Member,,,,,,,4,,,,,,,0,,,,,,,,40,41,59,57,70,52,25,35,62,52,53,62,72,67,103,92,58,37.9,0,572,0
Mauritania,,,X,1,Unsuitable,Tier 3,Member,Member,Member,,Member,,,,,Member,,5,Member,,Member,,,,2,,,,,,,,687,775,1051,1436,1588,831,616,700,678,575,503,659,710,1172,871,906,1339,84,4,350,0
Mauritius,,X,X,2,Fair,Tier 2,Member,Member,Member,,Member,,,,,Member,,5,Member,,Member,,,,2,,,,,,,,1777,1756,1818,1898,1818,1369,1291,1655,1752,1679,1760,2179,1968,2204,2439,2533,2844,15.1,0,21,0
Mexico,,X,X,2,Fair,Tier 2,Member,Member,Member,Member,Member,,Member,,,,Member,7,,Member,Member,,,,2,1,1,,,1,,,548716,741501,1108588,1762402,2220330,1582674,1022013,912892,912892,910381,1015403,948829,862823,1130478,1315116,1693133,1510106,16.2,3,23,1
Moldova,,,X,1,Fair,Tier 2,Member,Member,Member,,Member,Member,,,,,Member,6,,,Member,,,,1,,1,,,,,,1586,1815,2159,2885,2365,2518,2885,3114,3825,5087,9591,10444,7125,8572,8221,7897,7657,17.6,0,160,1
Monaco,,,X,1,Excellent,,Member,Member,Member,,Member,Member,,,,,,5,,,,,,,0,,,,,,,,26,27,15,35,20,23,14,32,37,20,24,34,41,31,28,28,30,3.8,0,2.1,0
Mongolia,,X,X,2,Poor,Tier 2,Member,Member,Member,,Member,Member,,,,,,5,,,Member,,,,1,,,,,,,,1909,2282,2922,2792,3498,6371,5060,4595,4242,5037,4101,4109,5526,6944,7142,7041,8892,27.5,0,223,1
Montenegro,,,X,1,Fair,Tier 2,Member,Member,Member,,Member,Member,,,,,Member,6,,,Member,,,,1,,,,,,,,,,,,,,,,,,,525,2131,3501,3293,3699,3862,5.9,0,18,0
Morocco,,X,X,2,Poor,Tier 2 Watch List,Member,Member,Member,,Member,,,,,,Member,5,,,Member,,,,1,,,1,1,,,,16443,18965,20991,19813,18958,11484,11401,12194,11760,10946,10377,15125,15364,16740,17559,17936,16177,31.1,0,103,0
Mozambique,1,,X,1,Unsuitable,Tier 2,Member,Member,Member,,Member,,,,,Member,Member,6,Member,,Member,,,,2,1,1,,,1,,,743,854,921,1116,1084,1063,956,856,868,840,862,1085,1091,1138,1313,1505,1902,89.7,4,552,1
Namibia,1,,X,1,Fair,Tier 2 Watch List,Member,Member,Member,,Member,,,,,Member,Member,6,Member,,Member,,,,2,,,,,,,,693,764,902,957,875,747,802,901,925,926,1031,1059,944,1047,1266,1338,1305,38.7,4,655,1
Nauru,,,X,1,Poor,,Member,Member,Member,,Member,,,,,,,4,,,,,,,0,,,,,,,,55,61,70,272,121,38,21,24,30,37,17,9,20,15,40,43,21,37.1,0,54,0
Nepal,3,X,X,2,Unsuitable,Tier 2,Member,Member,Member,,Member,,,,,,,4,,,Member,,,,1,1,1,,,1,,,5709,7008,5969,6652,7539,7708,6920,6755,8097,11285,12419,15751,10686,9911,9825,10341,11664,41.6,4,163,1
Netherlands,,X,X,2,Excellent,Tier 1,Member,Member,Member,,Member,Member,Member,Member,Member,,Member,9,,,Member,,,,1,,,,,,,,16773,17576,16829,17682,16452,15389,13838,15115,15151,15574,15610,16227,15059,15043,15316,15037,17994,4.1,0,6.3,1
New Zealand,,X,X,2,Excellent,Tier 1,Member,Member,Member,,Member,,Member,,,,Member,6,,,Member,,,,1,,,,,,,,8774,8435,9265,9895,11088,9022,8995,9648,8950,8816,8992,9151,7567,7717,8171,7812,8866,5.7,0,7.6,1
Nicaragua,2,X,X,2,Poor,Tier 1,Member,Member,Member,Member,Member,,,,,,Member,6,,,Member,,,Member,2,1,,,,,,,19468,18960,15606,13017,13593,12548,11162,12879,12879,13576,13926,15743,14067,13243,15089,16911,20052,24.4,4,38,0
Niger,,,X,1,Unsuitable,Tier 2,Member,Member,Member,,Member,,,,,Member,,5,Member,,Member,,,,2,,,,,,,,706,847,1240,1510,1600,1117,1006,1175,1313,1209,1231,977,1039,978,995,1200,1258,113.5,4,104,1
Nigeria,1,X,X,2,Unsuitable,Tier 2,Member,Member,Member,,Member,,,,,Member,Member,6,Member,,Member,,,,2,1,,1,,,,,25077,26966,28208,27294,42222,42575,47593,44653,43201,37234,50251,59748,55581,64279,63503,83944,113503,123.7,4,108,1
North Korea,,,,0,Unsuitable,Tier 3,Member,Member,Member,,Member,,,,,,,4,,,,,,,0,,,,,,,,1745,1531,1643,1634,1489,761,296,222,202,148,150,137,76,53,111,87,56,28.8,3,409,1
Norway,,X,X,2,Excellent,Tier 1,Member,Member,Member,,Member,Member,Member,Member,,,Member,8,,,Member,,,,1,,,,,,,,8546,8581,8135,8311,7721,7917,7697,8139,9365,9921,9831,10389,9364,10120,10432,10726,10407,2.8,0,7.5,1
Oman,,,X,1,Fair,Tier 2,Member,Member,Member,,Member,,,,,,,4,,,Member,,,,1,,,,,,,,2442,2760,2996,2949,2968,1522,1060,1578,1908,1734,1956,2187,2407,2385,2869,4193,5139,11.6,1,13,1
Pakistan,,,,0,Poor,Tier 2,Member,Member,Member,,Member,,,,,,Member,5,,,Member,,,,1,1,1,,1,,,1,48695,44574,49769,88791,75512,29613,24092,24934,28025,39096,39145,32666,33730,31595,33808,44619,49097,85.9,4,231,1
Palau,,,X,1,Poor,Tier 2,Member,Member,Member,,Member,,,,,,,4,,,,,,,0,,,,,,,,29,6,2,13,19,16,22,17,29,16,18,7,15,37,20,28,23,20.8,0,24,0
Panama,2,X,X,2,Fair,Tier 2,Member,Member,Member,Member,Member,,,,,,,5,,,Member,,,,1,,,,,,,,19583,18284,21715,23316,20719,16818,18074,19574,19574,22813,20736,24446,26927,26284,24913,26826,28657,18.5,4,48,0
Papua New Guinea,1,,X,1,Poor,Tier 3,Member,Member,Member,,Member,,,,,,,4,,,Member,,,,1,,,,,,,,873,901,1063,775,613,543,488,467,559,513,468,611,728,808,831,757,966,63,4,348,1
Paraguay,,X,X,2,Poor,Tier 2,Member,Member,Member,Member,Member,,,,,,,5,,,Member,,,,1,,1,,,1,,,7400,7329,7471,7500,7339,5202,4357,4873,4873,4824,5948,6849,6246,6705,7862,8778,11317,22,3,45,0
Peru,,X,X,2,Fair,Tier 2,Member,Member,Member,Member,Member,,,,,,,5,,,Member,,,,1,1,1,,1,1,,1,56017,55059,61792,81782,107768,67807,63410,79348,79348,55157,58677,61272,64974,64976,70850,75701,83651,18.2,4,95,1
Philippines,,X,X,2,Fair,Tier 2,Member,Member,Member,,Member,,,,,,Member,5,,,Member,Member,,,2,1,1,1,1,1,,1,145043,151182,146603,169408,195328,180844,125553,127185,143364,152102,202734,194286,176372,159897,155150,198683,183101,29.8,4,265,1
Poland,,X,X,2,Good,Tier 1,Member,Member,Member,,Member,Member,Member,,Member,,Member,8,,,Member,,,,1,,,,,,,,88277,89748,103177,110471,105365,103161,92814,109986,120211,113043,103183,104855,75856,73968,73929,73378,74690,5,0,21,1
Portugal,,,X,1,Excellent,Tier 2,Member,Member,Member,,Member,Member,Member,,Member,,Member,8,,,Member,,,,1,,,,,,,,47711,45619,42872,5576,4685,4758,4361,4374,4950,5126,5566,6068,5007,4652,4906,5606,5857,3.6,0,26,1
Qatar,,,X,1,Good,Tier 2,Member,Member,Member,,Member,,,,,,,4,,,Member,,,,1,,,,,,,,2784,2866,2550,2917,2625,860,852,965,1507,1921,2408,3302,3732,4141,5765,7011,9608,7.4,0,41,1
Republic of Congo,,X,X,2,,Tier 2,Member,,Member,,Member,,,,,Member,Member,5,Member,,Member,,,,2,,,,,,,,3175,2804,2566,866,1093,736,786,741,847,959,948,934,1320,1522,1664,1600,1487,96,4,381,0
Republic of Serbia,,,X,1,Fair,Tier 2,Member,Member,Member,,Member,Member,,,,,Member,6,,,Observer,,,,1,,1,,,,,,,,,,,,,,,2,,733,9705,16070,18123,18111,18503,6.6,0,23,1
Romania,,X,X,2,Fair,Tier 2,Member,Member,Member,,Member,Member,,Member,Member,,Member,8,,,Member,,,,1,,,,,,,,24744,26193,25298,27213,33662,30033,31040,38872,42038,45321,43310,44273,31587,31647,32627,32979,36616,12.2,0,94,1
Russia,,X,X,2,Fair,Tier 3 Auto-Downgrade,Member,Member,Member,,Member,Member,,,,,Member,6,,,Member,,,,1,,,,,,,,126222,137960,106126,99051,97638,91390,96097,102272,121843,130220,145725,171776,156958,175644,204315,225070,269692,10.3,0,91,1
Rwanda,1,,X,1,Poor,Tier 2 Watch List,Member,Member,Member,,Member,,,,,Member,Member,6,Member,,Member,,,,2,1,1,,1,1,,,705,1192,1237,1424,980,800,679,948,1024,1192,1499,1582,1552,1701,2078,2573,2108,55,4,86,0
Saint Kitts and Nevis,2,,X,1,Fair,Tier 2 Watch List,Member,Member,Member,Member,Member,,,,,,,5,,,Member,,Member,,2,,,,,,,,1586,1742,2770,2135,1779,1344,1999,2673,2673,1954,1703,1757,2263,1873,1550,1390,1415,9.2,0,4.3,0
Saint Lucia,2,,X,1,Fair,Tier 2,Member,Member,Member,Member,Member,,,,,,,5,,,Member,,Member,,2,,,,,,,,4801,5746,7919,6827,3570,2856,5331,4475,4475,4703,3612,4260,4402,4007,3343,2916,3043,17.5,0,3.3,0
Saint Vincent and the Grenadines,2,,X,1,Fair,Tier 2,Member,Member,Member,Member,Member,,,,,,,5,,,Member,,Member,,2,,,,,,,,2817,3337,4695,3721,2850,2415,3382,3583,3583,3170,2961,2871,3074,2405,1949,1789,1996,23.4,0,24,0
Samoa,,,X,1,Fair,Tier 3,Member,Member,Member,,Member,,,,,,,4,,,Member,,,,1,,,,,,,,1594,1601,1679,2030,2638,2163,1575,1479,1252,1113,973,821,968,694,728,854,791,17.8,0,18,0
San Marino,,X,X,2,Excellent,Tier 2,Member,Member,Member,,Member,Member,,,,,,5,,,,,,,0,,,,,,,,20,20,30,25,10,24,18,14,23,17,24,20,15,11,17,12,19,3.3,0,1.5,0
Sao Tome and Principe,,,X,1,Poor,,Member,Member,Member,,Member,,,,,Member,,5,Member,,Observer,,,,2,,,,,,,,47,102,85,97,82,92,78,85,96,71,79,70,65,78,81,82,72,53.2,4,93,0
Saudi Arabia,,,X,1,Good,,Member,Member,Member,,Member,,,,,,,4,,,Member,,,,1,,,,,,,,51443,51067,56495,60508,46636,14126,10635,11985,17537,25532,28450,36224,56199,75535,90728,103213,108578,8.6,2,15,0
Senegal,3,X,X,2,Poor,,Member,Member,Member,,Member,,,,,Member,,5,Member,,Member,,,,2,1,1,1,1,1,1,,7134,8441,9028,12156,10265,5301,5094,5199,4602,4635,4212,5561,5208,4786,4775,4824,4876,59.6,4,137,0
Seychelles,,,X,1,Good,Tier 2 Watch List,Member,Member,Member,,Member,,,,,Member,,5,Member,,Observer,,,,2,,,,,,,,209,247,266,279,256,229,181,160,187,186,179,188,160,250,184,233,204,13.1,0,30,0
Sierra Leone,1,,X,1,Unsuitable,Tier 2,Member,Member,Member,,Member,,,,,Member,,5,Member,,Member,,,,2,,,,,,,,2056,1462,1301,1750,1910,1415,1550,1685,1462,1522,1862,1965,1710,1765,1971,1807,1785,181.60001,4,674,0
Singapore,,X,X,2,Good,Tier 2,Member,Member,Member,,Member,,,,,,,4,,,Member,Member,,,2,,,,,,,,63159,50379,35423,7475,7991,7423,6896,8723,9740,10384,9758,10058,9532,10412,10743,10926,10375,2.9,0,50,0
Slovakia,,,X,1,Good,Tier 1,Member,Member,Member,,Member,Member,Member,Member,Member,,,8,,,Member,,,,1,,,,,,,,15157,14851,14604,16746,19662,19314,18017,17468,17342,18673,17294,16332,5631,4579,5211,4891,4968,7.5,0,6.8,0
Slovenia,,,X,1,Good,Tier 1,Member,Member,Member,,Member,Member,Member,Member,Member,,Member,9,,,Member,,,,1,,,,,,,,10792,1609,1227,1212,1270,1358,1185,1195,1091,1039,1062,1112,996,933,1083,1107,1170,3.1,0,7.5,1
Solomon Islands,,,X,1,,Tier 2 Watch List,Member,Member,Member,,Member,,,,,,,4,,,Member,,,,1,,,,,,,,93,124,143,88,108,103,101,94,106,102,153,150,97,191,159,156,152,31.1,4,97,0
Somalia,,X,X,2,Unsuitable,Special Case,Member,Member,Member,,Member,,,,,Member,Member,6,Member,,,,,,1,,,,,,,,619,783,892,995,989,284,191,181,219,205,253,227,237,177,144,202,210,147.39999,4,286,0
South Africa,1,,X,1,Good,Tier 2,Member,Member,Member,,Member,,,,,Member,Member,6,Member,,Member,,,,2,1,,,,,,,72221,73354,68685,71605,66541,49805,51347,56634,61063,57767,58357,61801,49960,51052,60152,62516,59038,44.6,4,1003,1
South Korea,,,X,1,Good,Tier 1,Member,Member,Member,,Member,,Member,,,,Member,6,,,Member,,,,1,,,,,,,,619011,380645,402418,479205,430855,353457,411445,344213,386524,436028,448636,389287,122370,106904,106994,90927,80919,3.8,3,108,1
South Sudan,1,,,0,,Tier 2 Watch List,Member,Member,Member,,Member,,,,,Member,,5,,,,,,,0,1,,,,,,,,,,,,,,,,,,,,,73,467,508,104,4,146,0
Spain,,,X,1,Excellent,Tier 1,Member,Member,Member,,Member,,Member,Member,Member,,Member,8,,,Member,,,,1,,,,,,,,19721,19507,21326,21961,21594,18619,17083,18067,19208,17526,19083,20607,22089,22459,25880,26401,27681,4.5,0,14,1
Sri Lanka,,X,X,2,Fair,Tier 2 Watch List,Member,Member,Member,,Member,,,,,,,4,,,Member,,,,1,,1,1,1,,,,8778,10707,11687,12756,10499,6304,8693,9761,12332,14185,12693,11421,8512,9502,11517,11541,11984,9.6,2,66,0
Sudan,,X,X,2,Unsuitable,Tier 3,Member,Member,Member,,Member,,,,,Member,Member,6,Member,,Observer,,,,2,,,,,,,,3362,3207,3778,4598,4930,2188,1658,1555,1604,1980,2421,2502,2855,3217,3938,3771,3328,73.1,4,114,0
Suriname,2,,X,1,Unsuitable,Tier 2 Watch List,Member,Member,Member,Member,Member,,,,,,,5,,,Member,,,,1,,,,,,,,3157,3071,2276,2342,2109,1743,1737,1727,1727,1914,2514,3069,3168,2852,3156,4489,5305,20.8,4,41,0
Swaziland,1,X,X,2,Poor,Tier 2,Member,Member,Member,,Member,,,,,Member,,5,Member,,Member,,,,2,,,,,,,,311,289,298,455,367,304,285,365,446,432,354,379,442,518,438,535,480,79.7,4,1349,1
Sweden,,X,X,2,Excellent,Tier 1,Member,Member,Member,,Member,,,,Member,,Member,6,,,Member,,,,1,,,,,,,,18652,18779,17607,17679,15637,12701,11712,12393,13185,13449,13701,13750,12560,12686,13034,13366,14198,2.9,0,7.2,1
Switzerland,,X,X,2,Excellent,Tier 2,Member,Member,Member,,Member,Member,Member,,,,Member,7,,,Member,,,,1,,,,,,,,16644,17883,17896,16341,14707,14714,8919,9016,9074,9101,10225,11138,12598,12096,13777,12962,11795,4.3,0,6,0
Syria,,X,X,2,Fair,Tier 3,Member,Member,Member,,Member,,,,,,,4,,,Observer,,,,1,,,,,,,,9914,10423,12416,14344,13502,6679,5189,6027,5558,5719,6770,6421,7408,8427,8366,9408,15130,15.1,1,18,1
Taiwan,,,,0,Excellent,Tier 1,,,Member,,Member,,,,,,,2,,,Member,,,,1,,,,,,,,344901,263967,269802,279153,242547,184827,152577,189854,196909,190634,179254,171588,129506,146149,149731,125367,31696,,4,,1
Tajikistan,2,,X,1,Unsuitable,Tier 2,Member,Member,Member,,Member,Member,,,,,,5,,,Member,,,,1,1,1,1,,,,,409,241,456,469,511,534,730,641,794,855,1517,2190,1733,1898,2045,1786,1456,58.3,2,,1
Thailand,2,,X,1,Good,Tier 2 Watch List,Member,Member,Member,,Member,,,,,,Member,5,,,Member,Member,,,2,,,,,,,,66674,33371,47041,61300,59127,43415,38481,48310,53694,61521,68546,62199,50726,54921,56885,57575,62484,13.2,4,119,1
The Bahamas,2,,X,1,Good,Tier 2,Member,Member,Member,Member,Member,,,,,,,5,,,Observer,,Member,,2,,,,,,,,16168,17782,24987,18010,17354,14317,11609,16673,16673,15743,15356,13103,10425,12428,11520,10065,8695,16.9,0,9.9,0
Timor-Leste,,,X,1,Unsuitable,Tier 2,Member,Member,Member,,Member,,,,,,,4,,,,,,,0,1,1,,,,,,,,,16,29,46,56,68,94,96,98,144,142,120,174,161,181,56.7,4,498,0
Togo,,X,X,2,Unsuitable,Tier 2,Member,Member,Member,,Member,,,,,Member,Member,6,Member,,Member,,,,2,,,,,,,,1063,1228,1140,1559,2773,1955,1767,1795,1229,1038,1233,1395,1238,1253,1452,1521,1371,95.5,4,73,1
Tonga,,,X,1,Fair,Tier 2,Member,Member,Member,,Member,,,,,,,4,,,Member,,,,1,,,,,,,,2072,1982,2895,2548,2762,1869,1187,1725,1997,1903,2047,1312,895,1006,1083,814,951,12.8,,14,0
Trinidad and Tobago,2,X,X,2,Fair,Tier 2 Watch List,Member,Member,Member,Member,Member,,,,,,,5,,,Member,,Member,,2,,,,,,,,43422,43930,44863,57889,53143,32353,23303,41203,41203,42758,36015,30816,23221,24023,31645,34739,29268,20.7,0,24,0
Tunisia,,X,X,2,Fair,Tier 2 Watch List,Member,Member,Member,,Member,,,,,Member,Member,6,,,Member,,,,1,,,,,,,,7630,8080,9830,11905,6759,2096,2259,2874,3226,3353,3454,3763,3984,4834,5069,6393,7220,16.1,0,31,1
Turkey,,X,X,2,Fair,Tier 2,Member,Member,Member,,Member,Member,Member,Member,,,Member,8,,,Member,,,,1,,,,,,,,52118,57494,65574,76539,64139,46965,42794,46632,53121,57878,64751,76191,69513,77344,91992,93124,95152,14.2,2,22,1
Turkmenistan,2,,X,1,Poor,Tier 2 Watch List,Member,Member,Member,,Member,Member,,,,,Member,6,,,,,,,0,1,1,,,,,,565,496,457,548,718,504,588,911,902,941,961,839,1072,1215,1243,1389,1344,52.8,0,75,0
Tuvalu,,,X,1,,,,Member,Member,,Member,,,,,,,3,,,,,,,0,,,,,,,,164,172,227,175,217,283,232,201,266,235,282,246,146,105,116,133,128,29.7,0,241,0
Uganda,1,,X,1,Poor,Tier 2,Member,Member,Member,,Member,,,,,Member,Member,6,Member,,Member,,,,2,1,,1,1,1,,,2510,3188,4333,4627,4239,3422,3566,4085,3974,4335,4852,5670,5355,4644,5458,6322,6226,68.9,4,179,0
Ukraine,1,,X,1,Fair,Tier 2 Watch List,Member,Member,Member,,Member,Member,,,,,,5,,,Member,,,,1,,,,,,,,23427,25270,22248,27185,28776,21560,26608,31675,36208,40732,43673,51456,43698,45377,50086,54734,51934,10.7,0,93,1
United Arab Emirates,,,X,1,Good,Tier 2,Member,Member,Member,,Member,,,,,,,4,,,Member,,,,1,,,,,,,,10741,11310,11365,12000,11505,1906,1490,2533,3736,4517,5102,6677,8879,9173,11036,12404,16539,8.4,0,1.7,1
United Kingdom,,X,X,2,Excellent,Tier 1,Member,Member,Member,,Member,Member,Member,Member,Member,,Member,9,,,Member,,,,1,,,,,,,,243921,175882,155011,163150,158112,114976,105030,112101,111818,98367,94336,90603,81188,78874,85675,84652,89711,4.8,0,15,1
United Republic of Tanzania,1,,,0,Poor,,Member,Member,Member,,Member,,,,,Member,Member,6,Member,,Member,,,,2,1,,,,1,,,3391,3564,5265,5719,6414,4245,4111,4120,4264,4429,5239,5774,5647,5959,5928,6208,5866,54,4,165,1
United States of America,,X,X,2,,Tier 1,Member,Member,Member,Member,Member,Member,Member,Member,,,Member,9,,Member,Member,,Member,Member,4,,,,,,,,,,,,,,,,,,,,,,,,,7.1,0,3.6,1
Uruguay,,X,X,2,Fair,Tier 2 Watch List,Member,Member,Member,Member,Member,,,,,,,5,,,Member,,,,1,,,,,,,,23274,22314,16776,2395,2486,3295,10712,14676,14676,14054,14587,15183,15369,16098,17443,19622,24877,7.2,0,27,0
Uzbekistan,2,,X,1,Poor,Tier 3 Auto-Downgrade,Member,Member,Member,,Member,Member,,,,,,5,,,Observer,,,,1,1,1,,,,,,3576,3766,5004,6471,6097,3956,3957,3563,5020,4429,3071,3622,4725,6018,5812,7462,8504,39.6,1,78,1
Vanuatu,,,X,1,Poor,,Member,Member,Member,,Member,,,,,,,4,,,Member,,,,1,,,,,,,,68,76,86,173,117,72,75,58,63,49,83,79,92,79,123,103,89,17.9,0,65,0
Vatican,,,X,1,,,,,,,,Member,,,,,Member,2,,,Observer,,,,1,,,,,,,,75,77,76,62,58,63,39,72,47,31,52,83,58,52,35,32,23,,0,,
Venezuela,,X,X,2,Good,Tier 2 Watch List,Member,Member,Member,Member,Member,,,,,,Member,6,,,Member,,,,1,,,,,,,,87172,106496,119232,116414,128827,89022,70366,79381,79381,109586,103133,102154,119621,165882,198442,228207,221204,15.3,4,33,1
Vietnam,1,,X,1,Poor,Tier 2,Member,Member,Member,,Member,,,,,,,4,,,Member,Member,,,2,1,1,,1,1,,,8539,8963,8839,13339,20446,21409,17210,20522,25479,28490,38602,47956,41854,46192,50483,58117,67058,23,4,147,1
Western Sahara,,,,0,,,,,,,,,,,,,,0,,,,,,,0,,,,,,,,,,,,,,,,,,,,,,,,,,,,
Yemen,,X,X,2,Unsuitable,Tier 3,Member,Member,Member,,Member,,,,,,Member,5,,,Observer,,,,1,,,,,,,,3419,3287,3665,4076,3083,1177,1292,1410,1784,2314,1942,1573,2091,2329,2345,3497,4079,60,4,49,0
Zambia,1,,X,1,Poor,Tier 2,Member,Member,Member,,Member,,,,,Member,Member,6,Member,,Member,,,,2,,,,,,,,2045,2261,2864,3312,5012,3149,2337,2564,2837,2734,2235,1954,1830,2629,2512,2955,2911,88.5,4,427,0
Zimbabwe,1,,X,1,Unsuitable,Tier 3,Member,Member,Member,,Member,,,,,Member,,5,Member,,Member,,,,2,,,,,,,,5032,5934,6518,7941,6362,4660,4073,4298,4499,4228,4562,4795,4689,4568,5769,6004,6131,89.8,4,562,0
