Afghanistan,AFG,SCA,,Signed and Deposited,Poor,Tier 2 Watch List,Member,Member,Member,,Member,,,,,,,,Member,5,,,,Observer,,,,1,1,1,1,,1,1,1,2285,2164,2217,1991,1988,1121,1346,1539,1912,2043,2611,2454,2775,2638,3254,2884,3078,27,4,1,0,98.5,189,14,8,,Primary Concern,1,,,NF,NF,NF,NF,NF,N/A,NF,90,NF,90,NF,100,NF,100,NF,100,NF,90,NF,95,NF,N/A,N/A,74,NF,72,NF,68,NF,69,NF,69,NF,71,NF,74,NF,76,NF,75,NF,74,NF,67,NF,66,NF,,Central Asian Hub
Albania,ALB,EUR,,Deposited,Poor,Tier 2 Watch List,Member,Member,Member,,Member,Member,,Member,,,,,,6,,,,Member,,,,1,,1,,,,,,2616,3933,4912,7245,7661,6194,5996,5620,7391,6337,6772,8453,7373,6853,6077,6576,6251,15,0,0,0,16.7,16,,,,Concern,,,,NF,NF,NF,PF,PF,53,PF,67,NF,71,NF,75,NF,56,PF,56,PF,56,PF,56,PF,48,PF,50,PF,49,PF,51,PF,50,PF,50,PF,50,PF,50,PF,50,PF,50,PF,51,PF,49,PF,49,PF,,Central and Eastern European Hub
Algeria,DZA,NEA,,Deposited,Poor,Tier 3,Member,Member,Member,,Member,,,,,Member,Member,,,6,,,,Observer,,,,1,,,,,,,,6878,6597,6454,6685,7069,3694,3114,3727,4075,4614,4855,5947,6581,6404,5882,7364,8774,26,2,1,1,20,89,,,Priority Watch List,Concern,,,,NF,PF,PF,PF,NF,83,NF,99,NF,99,NF,99,NF,97,NF,83,NF,83,NF,74,NF,62,NF,62,NF,63,NF,64,NF,61,NF,62,NF,62,NF,62,NF,64,NF,62,NF,62,NF,61,NF,59,PF,,Middle Eastern Hub
Andorra,AND,EUR,,Deposited,,,Member,Member,Member,,Member,Member,,,,,,,,5,,,,Observer,,,,1,,,,,,,,21,24,25,24,11,32,23,26,35,26,51,29,27,37,25,30,25,2,0,0,0,3.2,13,,,,Monitored,,,,N/A,N/A,N/A,N/A,N/A,N/A,N/A,N/A,N/A,N/A,N/A,N/A,N/A,N/A,N/A,N/A,N/A,N/A,N/A,N/A,N/A,N/A,N/A,8,F,13,F,14,F,14,F,13,F,13,F,13,F,13,F,13,F,13,F,13,F,13,F,,
Angola,AGO,AF,1,Deposited,Poor,Tier 2 Watch List,Member,Member,Member,,Member,,,,,Member,,Member,,6,,Member,,Member,,,,2,1,1,,,1,,,2401,2222,2843,3529,3565,2545,2418,2645,3240,3342,3754,3798,4632,4506,5678,7778,9091,34,4,5,0,163.5,316,,,,Concern,,,Partly Free,NF,NF,NF,NF,NF,74,NF,68,NF,69,NF,74,NF,74,NF,74,NF,80,NF,80,NF,79,NF,72,NF,66,NF,66,NF,65,NF,62,NF,63,NF,61,NF,62,NF,64,NF,67,NF,68,NF,69,NF,,Southern Africa
Antigua and Barbuda,ARG,WHA,2,Deposited,Fair,Tier 2,Member,Member,Member,Member,Member,,,,,,,,,5,,,,Member,,Member,,2,,,,,,,,3304,3144,4150,3462,2813,2962,3795,4100,2996,3390,3229,3071,3450,2601,2190,2212,2168,6,0,0,0,9.9,3.9,,,,Primary Concern,,,,F,F,F,F,F,28,F,35,PF,35,PF,46,PF,46,PF,46,PF,46,PF,46,PF,44,PF,45,PF,43,PF,40,PF,38,PF,38,PF,39,PF,38,PF,38,PF,38,PF,38,PF,38,PF,39,PF,,
Argentina,ARM,EUR,,Deposited,Fair,Tier 2,Member,Member,Member,Member,Member,,,,,,Member,,,6,,,,Member,,,,1,,,,,,,,11226,12089,12636,13793,15375,90474,88256,82393,82393,97431,112895,121909,133382,148656,194533,261110,253004,60,3,1,1,14.2,25,,,Priority Watch List,Primary Concern,1,,Free,F,F,F,F,F,29,F,29,F,31,PF,31,PF,36,PF,41,PF,41,PF,33,PF,37,PF,39,PF,35,PF,41,PF,45,PF,49,PF,47,PF,49,PF,49,PF,51,PF,50,PF,52,PF,51,PF,,South American Hub
Armenia,ABW,WHA,,Deposited,Poor,Tier 1,Member,Member,Member,,Member,Member,,,,,,,,5,,,,Member,,,,1,1,1,1,1,1,1,1,5397,5673,12271,12488,11125,7144,5483,5474,5483,5009,4471,5162,4880,4614,4060,5294,6120,12,0,1,1,16.4,52,,,,Monitored,,,Free,N/A,N/A,N/A,N/A,PF,52,PF,57,PF,56,PF,56,PF,56,PF,56,PF,57,PF,59,PF,60,PF,65,NF,64,NF,64,NF,64,NF,64,NF,66,NF,68,NF,66,NF,65,NF,65,NF,61,NF,62,NF,,Central and Eastern European Hub
Australia,AUS,EAP,,Signed and Deposited,Excellent,Tier 1,Member,Member,Member,,Member,,Member,,,,Member,,Member,7,Member,,,Member,,,,1,,,,,,,,26973,28044,30576,31145,32472,29133,28488,30387,29449,31021,32126,35492,31617,33114,34230,35353,36735,71,0,0,1,4.9,6.5,,,,Primary Concern,,,Free,F,F,F,F,F,9,F,7,F,8,F,10,F,10,F,10,F,10,F,10,F,10,F,14,F,14,F,18,F,19,F,21,F,21,F,22,F,22,F,21,F,21,F,21,F,22,F,,Pacific Hub
Austria,AUT,EUR,,Signed and Deposited,Excellent,Tier 1,Member,Member,Member,,Member,Member,Member,,Member,,,,,7,,,,Member,,,,1,,,,,,,,8203,7832,8205,7772,7333,6343,5840,5536,6103,6176,6024,6084,5704,5999,6166,6382,6328,11,0,0,1,4,7.9,,,,Primary Concern,,,,F,F,F,F,F,19,F,18,F,12,F,12,F,12,F,12,F,12,F,14,F,24,F,23,F,23,F,21,F,21,F,21,F,21,F,21,F,21,F,21,F,21,F,21,F,21,F,,
Azerbaijan,AZE,EUR,,Deposited,Poor,Tier 2,Member,Member,Member,,Member,Member,,,,,Member,,,6,,,,Observer,,,,1,,,,,,,,1482,1776,2330,2582,2469,2069,2514,2397,2359,2881,3354,4042,4449,4895,5040,5599,5987,14,2,1,1,35.2,95,,,,Concern,,,Partly Free,N/A,N/A,N/A,N/A,NF,70,NF,69,NF,69,NF,74,NF,74,NF,73,NF,70,NF,76,NF,77,NF,73,NF,71,NF,72,NF,73,NF,75,NF,77,NF,78,NF,79,NF,79,NF,80,NF,82,NF,84,NF,,Central and Eastern European Hub
Bahrain,BHR,NEA,,Deposited,Good,Tier 2 Watch List,Member,Member,Member,,Member,,,,,,,,,4,,,,Member,,,,1,,,,,,,,2948,2694,2502,2815,2826,1193,1490,1610,2305,2405,2816,3086,2796,3196,3534,3963,4593,8,0,0,0,9.6,20,,,,Concern,,,Not Free,NF,NF,NF,NF,NF,60,PF,57,PF,60,PF,66,NF,66,NF,69,NF,75,NF,75,NF,75,NF,68,NF,70,NF,71,NF,72,NF,71,NF,71,NF,71,NF,71,NF,72,NF,84,NF,86,NF,87,NF,,Middle Eastern Hub
Bangladesh,BGD,SCA,,Deposited,Poor,Tier 2,Member,Member,Member,,Member,,,,,,Member,,,5,,,,Member,,,,1,1,,,1,1,,,12688,14154,16119,17013,18731,10407,8444,8720,9466,9409,8539,8627,10544,11106,11238,15911,28080,65,4,1,1,40.9,225,,,,Concern,1,,Partly Free,NF,NF,NF,F,PF,52,PF,49,PF,49,PF,57,PF,57,PF,59,PF,60,PF,60,PF,63,NF,65,NF,68,NF,68,NF,68,NF,66,NF,68,NF,63,NF,56,PF,54,PF,52,PF,53,PF,54,PF,,South Asian Hub
Barbados,BRB,WHA,1,Signed and Deposited,Fair,Tier 2 Watch List,Member,Member,Member,Member,Member,,,,,,,,,5,,,,Member,,Member,,2,,,,,,,,9957,11649,12447,11099,10258,8979,12063,13128,13128,12631,11495,12671,12319,9631,9207,8660,8671,6,0,0,0,18.4,1.6,,,Watch List,Concern,,,,F,F,F,F,F,17,F,19,F,16,F,16,F,16,F,16,F,16,F,16,F,16,F,14,F,17,F,17,F,17,F,17,F,19,F,19,F,19,F,19,F,19,F,18,F,18,F,,Central American and Caribbean Hub
Belarus,BLR,EUR,,Deposited,Poor,Tier 2 Watch List,Member,Member,Member,,Member,Member,,,,,,,,5,,,,Observer,,,,1,,,,,,,,5643,6167,8583,8867,8166,8676,11051,9421,9363,9749,9650,9532,9380,10643,10319,11018,10739,6,0,0,1,5.2,70,,,,Concern,,,Not Free,N/A,N/A,N/A,N/A,PF,66,NF,67,NF,70,NF,85,NF,90,NF,80,NF,80,NF,80,NF,82,NF,82,NF,84,NF,86,NF,88,NF,89,NF,91,NF,91,NF,92,NF,93,NF,93,NF,93,NF,93,NF,,Central and Eastern European Hub
Belgium,BEL,EUR,,Signed and Deposited,Excellent,Tier 1,Member,Member,Member,,Member,Member,Member,Member,Member,,Member,,,9,,,,Member,,,,1,,,,,,,,6236,6730,6443,6958,6059,6128,7589,6693,5553,5418,6066,6058,6538,6213,6236,7492,6695,19,0,0,1,4.2,9.7,,,,Concern,1,,,F,F,F,F,F,7,F,7,F,10,F,10,F,10,F,9,F,9,F,9,F,9,F,9,F,9,F,11,F,11,F,11,F,11,F,12,F,12,F,12,F,11,F,11,F,11,F,,
Belize,BLZ,WHA,2,Deposited,Poor,Tier 2,Member,Member,Member,Member,Member,,,,,,,,,5,,,,Member,,Member,,2,,,,,,,,7106,7055,9499,11125,10198,6890,6413,5203,5203,6314,5827,5520,5635,4420,4140,5362,5212,25,3,1,0,18.3,40,,,,Primary Concern,,,,F,F,F,F,F,29,F,22,F,25,F,25,F,25,F,25,F,25,F,25,F,24,F,23,F,22,F,20,F,21,F,21,F,22,F,21,F,21,F,23,F,21,F,22,F,22,F,,Central American and Caribbean Hub
Benin,BEN,AF,,Signed and Deposited,Unsuitable,Tier 2,Member,Member,Member,,Member,,,,,Member,Member,Member,,7,,Member,,Member,,,,2,,,,,,,,1115,1100,1433,1481,1336,855,944,1123,1268,1497,1582,1910,1566,1691,1662,1821,1598,19,4,5,0,89.5,70,,,,Concern,,,,NF,NF,PF,F,PF,34,PF,31,PF,31,PF,30,F,30,F,30,F,30,F,30,F,30,F,28,F,30,F,30,F,30,F,30,F,31,PF,31,PF,33,PF,33,PF,34,PF,34,PF,36,PF,,Western and Central Africa
Bhutan,BTN,SCA,,Deposited,Poor,Tier 2,Member,Member,Member,,Member,,,,,,,,,4,,,,Observer,,,,1,,,,,,,,224,242,329,335,407,369,367,438,451,414,544,803,432,511,486,521,564,41,3,1,1,44.6,180,,,,Monitored,,,,NF,NF,NF,NF,NF,66,NF,62,NF,62,NF,65,NF,65,NF,80,NF,76,NF,76,NF,72,NF,70,NF,68,NF,66,NF,65,NF,62,NF,61,NF,61,NF,57,PF,57,PF,58,PF,58,PF,59,PF,,South Asian Hub
Bolivia,BOL,WHA,,Signed and Deposited,Poor,Tier 2,Member,Member,Member,Member,Member,,,,,,,,,5,,,,Member,,,,1,,,,,,,,12746,14521,20543,34751,16387,9408,8443,10581,10581,9931,11579,12846,15661,16066,13272,12064,15220,40,4,1,0,41.4,127,,,Watch List,Primary Concern,1,,,PF,PF,F,F,F,20,F,17,F,17,F,20,F,18,F,18,F,22,F,22,F,25,F,30,F,37,PF,35,PF,33,PF,37,PF,39,PF,42,PF,43,PF,46,PF,47,PF,48,PF,48,PF,,South American Hub
Bosnia and Herzegovina,BIH,EUR,,Deposited,Fair,Tier 2,Member,Member,Member,,Member,Member,,,,,,,,5,,,,Observer,,,,1,,,,,,,,2893,3505,6005,8414,8805,6248,6516,7577,7722,7635,7757,6858,6160,6403,7136,6360,5466,10,0,0,0,6.7,49,,,,Concern,,,,N/A,N/A,N/A,N/A,NF,70,NF,72,NF,76,PF,71,NF,74,NF,56,PF,56,PF,54,PF,53,PF,49,PF,48,PF,45,PF,45,PF,45,PF,45,PF,47,PF,48,PF,48,PF,48,PF,49,PF,50,PF,,Central and Eastern European Hub
Botswana,BWA,AF,1,Signed and Deposited,Fair,Tier 2,Member,Member,Member,,Member,,,,,Member,,Member,,6,,Member,,Member,,,,2,,,,,,,,850,1238,1153,1387,1322,1191,1048,1218,1385,1089,1322,1466,1226,1191,1273,1341,1129,11,4,1,1,53.3,408,,,,Monitored,,,,PF,F,F,F,F,19,F,28,F,30,F,30,F,30,F,30,F,28,F,27,F,30,F,30,F,30,F,30,F,35,PF,35,PF,36,PF,37,PF,39,PF,40,PF,40,PF,41,PF,41,PF,,Southern Africa
Brazil,BRA,WHA,3,Deposited,Poor,Tier 2,Member,Member,Member,,Member,,,,,,Member,,Member,6,,,,Member,,,,1,1,,,,1,1,,575041,496683,313034,261096,240609,129605,108795,159103,159103,283762,359735,449889,484038,556061,801371,1049689,982463,103,4,2,1,14.4,46,,,Watch List,Primary Concern,1,,Partly Free,F,F,F,F,F,27,F,30,F,30,F,30,F,32,PF,35,PF,33,PF,31,PF,32,PF,38,PF,36,PF,40,PF,39,PF,42,PF,42,PF,42,PF,43,PF,44,PF,44,PF,46,PF,45,PF,,South American Hub
Brunei,BRN,EAP,,Deposited,Good,Tier 2,Member,Member,Member,,Member,,,,,,,,,4,Member,,,Member,Member,,,2,,,,,,,,397,205,142,210,154,178,168,181,189,127,228,324,209,266,375,379,438,19,0,0,0,8,68,,,,Monitored,,,,NF,NF,NF,NF,NF,66,NF,73,NF,74,NF,74,NF,74,NF,74,NF,74,NF,74,NF,78,NF,76,NF,74,NF,75,NF,77,NF,76,NF,75,NF,75,NF,75,NF,75,NF,75,NF,75,NF,75,NF,Certified,East Asia Hub
Bulgaria,BGR,EUR,,Signed and Deposited,Fair,Tier 2,Member,Member,Member,,Member,Member,,Member,Member,,Member,,,8,,,,Member,,,,1,,,,,,,,12957,16262,18558,19401,22763,21730,23034,25244,26816,28643,28838,28681,22021,20874,24354,23283,20944,13,0,0,1,12.1,32,,,,Concern,,,,NF,NF,PF,PF,PF,43,PF,39,PF,46,PF,44,PF,36,PF,39,PF,30,F,26,F,29,F,30,F,35,PF,35,PF,34,PF,34,PF,33,PF,36,PF,34,PF,35,PF,36,PF,37,PF,39,PF,Certified,Central and Eastern European Hub
Burkina Faso,BFA,AF,,Signed and Deposited,Unsuitable,Tier 2,Member,Member,Member,,Member,,,,,Member,,Member,,6,,Member,,Member,,,,2,,,,,,,,1196,1379,1353,1355,1952,1507,1426,1617,1861,2243,2499,2264,2159,1890,1967,2588,2709,14,4,4,1,102.4,54,,,,Monitored,,,,NF,NF,NF,PF,PF,40,PF,37,PF,37,PF,37,PF,39,PF,39,PF,40,PF,39,PF,39,PF,39,PF,39,PF,40,PF,38,PF,39,PF,41,PF,41,PF,41,PF,41,PF,42,PF,42,PF,44,PF,Silver,Western and Central Africa
Burma,MMR,EAP,1,Deposited,Unsuitable,Tier 2 Watch List,Member,,Member,,Member,,,,,,,,,3,,,,Member,Member,,,2,1,1,,,,,,3452,4083,4386,5431,4505,2994,3232,3764,4317,4366,4127,4397,5335,5910,6773,6967,8438,94,4,4,1,52.3,377,,,,Primary Concern,1,,Not Free,NF,NF,NF,NF,NF,90,NF,99,NF,99,NF,99,NF,99,NF,97,NF,100,NF,100,NF,96,NF,94,NF,95,NF,96,NF,96,NF,96,NF,97,NF,96,NF,95,NF,94,NF,85,NF,72,NF,70,NF,,East Asia Hub
Burundi,BDI,AF,1,Deposited,Poor,Tier 2 Watch List,Member,Member,Member,,Member,,,,,Member,,Member,Member,7,,Member,,Member,,,,2,,,,,,,,461,431,506,671,901,832,535,705,864,1074,1019,972,892,835,999,1147,1385,9,4,4,0,104.3,130,,,,Monitored,,,,NF,NF,NF,NF,NF,88,NF,88,NF,85,NF,85,NF,85,NF,83,NF,83,NF,80,NF,77,NF,76,NF,75,NF,74,NF,74,NF,77,NF,74,NF,75,NF,73,NF,74,NF,72,NF,72,NF,74,NF,Gold,East African Hub
Cabo Verde,CPV,AF,,Deposited,,Tier 2 Watch List,Member,Member,Member,,Member,,,,,Member,,Member,,6,,Member,,Member,,,,2,,,,,,,,4262,2885,2909,3321,5986,3295,1483,1438,1733,2115,2225,2294,2049,1826,1835,2100,2255,14,3,1,0,22.2,144,,,,Monitored,,,,NF,NF,NF,PF,F,34,PF,32,PF,32,PF,32,PF,32,PF,33,PF,32,PF,32,PF,30,F,30,F,36,PF,32,PF,32,PF,29,F,28,F,28,F,28,F,27,F,27,F,27,F,27,F,,Western and Central Africa
Cambodia,KHM,EAP,1,Deposited,Good,Tier 2,Member,Member,Member,,Member,,,,,,,,,4,,,,Member,Member,,,2,1,1,,,,,,3050,676,895,2550,4439,3371,4019,5080,4852,4225,3814,3824,3545,3591,3212,3663,4683,53,4,1,1,39.7,411,,,,Primary Concern,,,Partly Free,NF,NF,NF,NF,NF,50,PF,60,PF,65,NF,65,NF,65,NF,62,NF,61,NF,61,NF,68,NF,64,NF,63,NF,62,NF,61,NF,58,PF,60,PF,61,NF,61,NF,63,NF,63,NF,66,NF,66,NF,,East Asia Hub
Cameroon,CMR,AF,1,Signed and Deposited,Poor,Tier 1,Member,Member,Member,,Member,,,,,Member,Member,Member,,7,,Member,,Member,,,,2,,,,,,,,2970,3303,5106,5403,6891,7476,7634,7085,7276,7334,7698,7669,7628,7795,7579,7403,7456,29,4,5,0,94.9,238,4,3,,Monitored,,,,NF,NF,NF,NF,NF,79,NF,78,NF,72,NF,72,NF,77,NF,77,NF,77,NF,71,NF,68,NF,65,NF,67,NF,68,NF,65,NF,67,NF,65,NF,65,NF,66,NF,67,NF,68,NF,66,NF,66,NF,,Western and Central Africa
Canada,CAN,WHA,,Signed and Deposited,Excellent,Tier 2,Member,Member,Member,Member,Member,Member,Member,Member,,,Member,,Member,10,Member,,Member,Member,,,,2,,,,,,,,4062,4344,4935,5237,5475,6887,5454,6037,6037,5527,5800,5909,5079,4832,6477,6537,6805,28,0,0,1,5.3,4.6,,,Watch List,Primary Concern,1,,,F,F,F,F,F,13,F,18,F,23,F,11,F,11,F,16,F,14,F,15,F,16,F,17,F,15,F,17,F,18,F,17,F,18,F,19,F,19,F,19,F,19,F,20,F,19,F,,
Central African Republic,CAF,AF,,,Unsuitable,Tier 3,Member,Member,Member,,Member,,,,,Suspended,,,,5,,Member,,Member,,,,2,,,,,,,,210,210,232,344,468,434,150,166,234,239,258,240,272,275,248,272,233,15,4,5,0,128.60001,367,,,,Monitored,,,,NF,NF,NF,NF,NF,80,NF,65,NF,65,NF,65,NF,60,PF,60,PF,60,PF,61,NF,69,NF,67,NF,64,NF,63,NF,61,NF,58,PF,61,NF,61,NF,61,NF,61,NF,62,NF,62,NF,77,NF,,Western and Central Africa
Chad,TCD,AF,,Signed and Deposited,Unsuitable,Tier 2 Watch List,Member,Member,Member,,Member,,,,,Member,,Member,,6,,Member,,Member,,,,2,,,,,,,,499,716,591,596,620,628,603,703,779,730,920,609,781,582,609,624,731,17,4,5,0,149.8,151,,,,Monitored,,,,NF,NF,NF,NF,NF,87,NF,72,NF,72,NF,72,NF,70,NF,75,NF,72,NF,72,NF,74,NF,67,NF,74,NF,73,NF,73,NF,74,NF,74,NF,76,NF,77,NF,75,NF,75,NF,76,NF,75,NF,,Western and Central Africa
Chile,CHL,WHA,,Deposited,Good,Tier 2,Member,Member,Member,Member,Member,,Member,,,,Member,,,7,Member,,,Member,,,,1,,,,,,,,55696,55464,55311,66451,64395,46144,39491,39973,39973,44948,49526,57011,48152,51371,70479,70281,80424,33,0,0,1,9.1,16,,,Priority Watch List,Concern,1,1,,NF,PF,F,F,F,30,F,30,F,28,F,30,F,27,F,27,F,27,F,27,F,22,F,22,F,23,F,24,F,26,F,30,F,30,F,29,F,30,F,29,F,31,PF,31,PF,31,PF,,South American Hub
China,CHN,EAP,2,Deposited,Poor,Tier 3 Auto-Downgrade,Member,Member,Member,,Member,,,,,,Member,,Member,6,Member,,,Member,,,,1,,,,,,,,250503,255114,252673,315536,345748,288100,216949,262963,325955,382085,443802,503433,524949,706818,945040,1283250,1467558,119,0,1,1,14,73,,,Priority Watch List,Primary Concern,1,,Not Free,NF,NF,NF,NF,NF,89,NF,83,NF,83,NF,83,NF,81,NF,81,NF,80,NF,80,NF,80,NF,80,NF,80,NF,82,NF,83,NF,84,NF,84,NF,85,NF,84,NF,85,NF,85,NF,83,NF,84,NF,Silver,East Asia Hub
Colombia,COL,WHA,,Signed and Deposited,Poor,Tier 1,Member,Member,Member,Member,Member,,,,,,Member,,Member,7,,,,Member,,,,1,1,1,1,1,1,,,176438,236891,280238,195058,197407,182721,200359,194720,194720,186738,196100,204256,208920,163777,234700,337336,465249,62,4,1,1,17.6,33,,,Watch List,Primary Concern,1,,,F,F,PF,PF,PF,49,NF,48,PF,54,PF,55,PF,55,PF,60,PF,59,PF,60,PF,60,PF,63,NF,63,NF,63,NF,61,NF,57,PF,59,PF,59,PF,60,PF,56,PF,55,PF,53,PF,54,PF,,South American Hub
Comoros,COM,AF,,Deposited,Poor,Tier 2 Watch List,Member,Member,Member,,Member,,,,,Member,,Member,,6,,Member,,Observer,,,,2,,,,,,,,51,47,43,71,112,67,63,79,103,111,96,137,97,85,130,131,147,10,4,5,0,77.6,34,,,,Concern,,,,N/A,N/A,N/A,N/A,N/A,44,PF,46,PF,35,PF,38,PF,38,PF,38,PF,40,PF,38,PF,41,PF,43,PF,45,PF,44,PF,47,PF,48,PF,54,PF,50,PF,50,PF,48,PF,48,PF,49,PF,49,PF,,East African Hub
Costa Rica,CRI,WHA,2,Signed and Deposited,Excellent,Tier 2,Member,Member,Member,Member,Member,,,,,,Member,,,6,,,,Member,,,Member,2,,,,,,,,50732,56032,54387,57594,47076,38530,30845,31744,31744,39268,39057,42882,36774,44075,41432,42972,41692,42,3,1,0,9.9,11,,,Watch List,Primary Concern,1,,,F,F,F,F,F,16,F,21,F,18,F,16,F,16,F,16,F,16,F,16,F,17,F,14,F,19,F,19,F,18,F,20,F,19,F,19,F,19,F,18,F,19,F,18,F,18,F,,Central American and Caribbean Hub
CÃ´te d'Ivoire,CIV,AF,1,Signed and Deposited,Unsuitable,Tier 2,Member,Member,Member,,Member,,,,,Member,Member,Member,,7,,Member,,Member,,,,2,,,,,,,,4756,4627,4393,3991,4702,3661,2495,2803,2349,2678,2825,3415,3415,2944,2689,4622,4614,27,4,5,0,107.6,172,,,,Concern,,,,NF,NF,NF,PF,NF,61,NF,63,NF,74,NF,74,NF,74,NF,74,NF,74,NF,77,NF,66,NF,68,NF,65,NF,69,NF,65,NF,68,NF,66,NF,67,NF,66,NF,68,NF,70,NF,61,NF,55,PF,,
Croatia,HRV,EUR,,Deposited,Good,Tier 2,Member,Member,Member,,Member,Member,,Member,Member,,Member,,,8,,,,Member,,,,1,,,,,,,,17303,18662,20165,21197,20340,15359,15092,15657,16496,15747,17740,18730,16104,15042,16166,16524,15612,15,0,0,0,4.7,14,,,,Monitored,,,,N/A,N/A,N/A,N/A,NF,56,PF,56,PF,58,PF,63,NF,63,NF,63,NF,63,NF,50,PF,33,PF,33,PF,37,PF,37,PF,39,PF,37,PF,36,PF,38,PF,40,PF,41,PF,40,PF,40,PF,40,PF,,Central and Eastern European Hub
Cuba,CUB,WHA,,Deposited,Good,Tier 3,Member,Member,Member,,Member,,,,,,,,Member,5,,,,Member,,,,1,,,,,,,,7215,10473,9197,44283,27800,21822,10122,11843,11843,9046,12723,13108,19624,23114,18892,20200,36787,16,0,0,1,5.5,9.3,,,,Monitored,,,Not Free,NF,NF,NF,NF,NF,96,NF,90,NF,90,NF,95,NF,95,NF,94,NF,94,NF,94,NF,96,NF,94,NF,96,NF,96,NF,96,NF,96,NF,94,NF,94,NF,93,NF,92,NF,91,NF,92,NF,90,NF,,
Cyprus,CYP,EUR,,Signed and Deposited,Good,Tier 2,Member,Member,Member,,Member,Member,,,Member,,Member,,,7,,,,Member,,,,1,,,,,,,,6872,6920,7180,7307,6383,4557,4572,4727,4843,4531,4761,5862,5009,5276,5305,4921,4039,11,0,0,0,3.2,5.4,,,,Primary Concern,,,,F,F,F,F,F,30,F,24,F,16,F,18,F,18,F,16,F,16,F,18,F,18,F,18,F,18,F,22,F,22,F,22,F,22,F,22,F,22,F,22,F,22,F,25,F,25,F,,
Czech Republic,CZE,EUR,,Deposited,Good,Tier 1,Member,Member,Member,,Member,Member,Member,Member,Member,,,,Member,9,,,,Member,,,,1,,,,,,,,46676,49031,44457,42932,40541,30252,28858,30632,34024,32118,31315,33483,10024,6974,7001,6929,7001,11,0,0,1,3.8,5.3,,,,Concern,,1,,N/A,N/A,N/A,N/A,N/A,20,F,21,F,19,F,19,F,19,F,20,F,20,F,24,F,25,F,23,F,23,F,22,F,20,F,18,F,18,F,18,F,18,F,19,F,19,F,19,F,20,F,,Central and Eastern European Hub
Democratic Republic of the Congo,COD,AF,1,Signed and Deposited,Unsuitable,Tier 3,Member,Member,Member,,Member,,,,,Member,Member,Member,,7,,Member,,Member,,,,2,1,1,1,1,1,1,,611,652,791,3229,4312,2783,2151,2412,2714,2513,2731,3512,3253,3314,3825,5320,5174,29,4,5,1,145.7,327,,,,Monitored,,,,NF,NF,NF,NF,NF,88,NF,85,NF,84,NF,84,NF,84,NF,90,NF,90,NF,83,NF,86,NF,82,NF,80,NF,81,NF,81,NF,80,PF,81,PF,81,NF,81,NF,81,NF,83,NF,83,NF,79,NF,,Western and Central Africa
Denmark,DNK,EUR,,Signed and Deposited,Excellent,Tier 1,Member,Member,Member,,Member,Member,Member,Member,Member,,Member,,,9,,,,Member,,,,1,,,,,,,,10830,10316,10111,9569,8667,7468,6947,8352,8334,8016,8415,7903,7687,7637,8295,8554,8787,20,0,0,0,3.7,7.4,,,,Monitored,,1,,F,F,F,F,F,11,F,9,F,9,F,9,F,9,F,9,F,9,F,9,F,9,F,11,F,8,F,10,F,10,F,11,F,10,F,11,F,11,F,13,F,12,F,12,F,12,F,,
Djibouti,DJI,AF,3,Deposited,Poor,Tier 2 Watch List,Member,Member,Member,,Member,,,,,Member,Member,Member,,7,,Member,,Member,,,,2,,,,,,,,398,908,569,715,510,184,412,294,279,231,289,385,608,516,576,538,374,20,4,5,0,80.9,620,,,,Concern,,,,N/A,N/A,N/A,N/A,N/A,71,NF,58,PF,52,PF,52,PF,62,NF,62,NF,63,NF,63,NF,67,NF,65,NF,66,NF,67,NF,69,NF,69,NF,72,NF,73,NF,73,NF,73,NF,74,NF,74,NF,75,NF,Certified,East African Hub
Dominica,DMA,WHA,2,Deposited,Good,,,Member,Member,Member,Member,,,,,,,,,4,,,,Member,,Member,,2,,,,,,,,2472,3062,4226,2817,2002,1419,2047,2336,2336,2090,1788,1977,2269,1993,1465,1324,1284,7,0,0,0,12.6,13,,,,Monitored,,,,F,F,F,F,F,20,F,16,F,16,F,16,F,16,F,16,F,16,F,16,F,16,F,14,F,17,F,17,F,19,F,20,F,22,F,22,F,23,F,23,F,23,F,24,F,25,F,,
Dominican Republic,DOM,WHA,1,Signed and Deposited,Fair,Tier 2,Member,Member,Member,Member,Member,,,,,,,,,5,,,,Member,,,Member,2,1,1,,,,,,58919,61940,69371,50171,52738,49038,44152,35780,35780,77465,70035,69050,70780,68102,65261,73006,58851,11,4,6,1,27.1,62,,,Watch List,Primary Concern,1,,,F,F,F,F,F,27,F,35,PF,38,PF,32,PF,30,F,30,F,30,F,30,F,30,F,33,PF,39,PF,38,PF,37,PF,40,PF,39,PF,40,PF,39,PF,40,PF,41,PF,40,PF,41,PF,,Central American and Caribbean Hub
Ecuador,ECU,WHA,,Signed and Deposited,Poor,Tier 2,Member,Member,Member,Member,Member,,,,,,Member,,,6,,,,Member,,,,1,,1,,,1,,,62287,66942,45104,38763,69906,76826,60088,49504,49504,54738,67215,63612,50285,59465,78950,95063,112211,53,3,1,1,23.3,59,,,Watch List,Concern,,,Partly Free,F,F,F,F,F,23,F,41,PF,38,PF,40,PF,40,PF,40,PF,44,PF,40,PF,40,PF,41,PF,42,PF,41,PF,41,PF,41,PF,41,PF,44,PF,47,PF,52,PF,58,PF,61,NF,62,NF,,South American Hub
Egypt,EGY,NEA,,Signed and Deposited,Fair,Tier 2,Member,Member,Member,,Member,,,,,Suspended,Member,,,6,,,,Member,,,,1,1,1,1,,,,1,40696,41717,43486,48883,50138,20397,15831,18562,23911,30989,31750,31197,33881,34890,45449,65831,49489,34,1,0,1,21,17,,,Watch List,Concern,1,,Partly Free,PF,PF,PF,PF,PF,75,NF,81,NF,80,NF,70,NF,69,NF,69,NF,69,NF,69,NF,77,NF,79,NF,76,NF,68,NF,61,NF,62,NF,59,PF,60,PF,60,PF,65,NF,57,PF,62,NF,68,NF,,Middle Eastern Hub
El Salvador,SLV,WHA,2,Signed and Deposited,Poor,Tier 2,Member,Member,Member,Member,Member,,,,,,,,,5,,,,Member,,,Member,2,1,,,1,1,,,39112,56644,67590,73054,96748,58012,36636,25146,25146,20493,26966,27352,20637,26642,28357,31110,27318,26,3,1,0,15.9,25,,,,Concern,1,,,PF,PF,PF,PF,PF,41,PF,32,PF,41,PF,53,PF,53,PF,53,PF,40,PF,37,PF,35,PF,38,PF,42,PF,41,PF,43,PF,42,PF,42,PF,42,PF,43,PF,42,PF,40,PF,41,PF,39,PF,,Central American and Caribbean Hub
Equatorial Guinea,GNQ,AF,,Deposited,Unsuitable,Tier 3,Member,Member,Member,,Member,,,,,Member,,,Member,6,,Member,,Observer,,,,2,,,,,,,,164,160,234,316,362,428,415,506,598,643,683,687,800,763,1027,1203,1470,21,4,5,0,100.3,139,0,5,,Monitored,,,,NF,NF,NF,NF,NF,76,NF,74,NF,78,NF,78,NF,78,NF,78,NF,78,NF,79,NF,80,NF,81,NF,89,NF,88,NF,88,NF,89,NF,89,NF,90,NF,90,NF,90,NF,91,NF,91,NF,90,NF,,Western and Central Africa
Eritrea,ERI,AF,,Deposited,Poor,Tier 3,Member,Member,Member,,Member,,,,,Member,,,,5,,Member,,,,,,1,,,,,,,,1343,1227,1963,1694,1704,1693,1557,1721,1546,1291,869,739,773,723,762,942,1602,19,4,1,0,51.8,93,,,,Monitored,,,,N/A,N/A,N/A,N/A,N/A,80,NF,68,NF,68,NF,68,NF,69,NF,68,NF,68,NF,68,NF,79,NF,83,NF,89,NF,91,NF,91,NF,94,NF,94,NF,94,NF,94,NF,94,NF,94,NF,94,NF,94,NF,,East African Hub
Estonia,EST,EUR,,Deposited,Good,Tier 2,Member,Member,Member,,Member,Member,Member,Member,Member,,Member,,,9,,,,Member,,,,1,,,,,,,,5214,5206,6278,6444,6150,5653,5356,5188,6183,6302,7540,7954,2452,1505,1522,1623,1614,7,0,0,1,3.6,23,,,,Monitored,,,Free,N/A,N/A,N/A,F,PF,28,F,25,F,24,F,22,F,20,F,20,F,20,F,20,F,18,F,17,F,17,F,17,F,16,F,16,F,16,F,15,F,17,F,18,F,18,F,16,F,16,F,,Baltic and Nordic States Hub
Ethiopia,ETH,AF,1,Signed and Deposited,Unsuitable,Tier 2,Member,Member,Member,,Member,,,,,Member,Member,Member,Member,8,,Member,,Observer,,,,2,1,1,1,,1,1,,5297,5912,6702,7185,7132,5859,7051,6077,5731,7768,9346,9951,9382,9114,10950,12674,13856,16,4,5,1,68.3,247,9,1,,Monitored,,,Not Free,NF,NF,NF,NF,NF,73,NF,59,PF,57,PF,62,NF,62,NF,64,NF,62,NF,64,NF,61,NF,64,NF,66,NF,68,NF,75,NF,77,NF,76,NF,76,NF,78,NF,78,NF,81,NF,82,NF,81,NF,Certified,East African Hub
Federated States of Micronesia,FSM,EAP,,Deposited,Poor,Tier 2 Watch List,Member,Member,Member,,Member,,,,,,,,,4,,,,,,,,0,,,,,,,,6,14,8,16,10,11,10,20,12,2,12,12,2,3,13,19,21,10,0,0,0,38.5,194,,,,Monitored,,,,N/A,N/A,N/A,N/A,N/A,25,F,23,F,23,F,23,F,26,F,26,F,24,F,22,F,20,F,17,F,19,F,18,F,20,F,20,F,21,F,21,F,21,F,21,F,21,F,21,F,21,F,,Pacific Hub
Fiji,FJI,EAP,,Deposited,Fair,Tier 2,Member,Member,Member,,Member,,,,,,,,,4,,,,Member,,,,1,,,,,,,,4667,4645,5735,4946,4340,2892,3598,4255,4270,4167,4168,4471,3352,3468,3002,2974,3666,19,4,0,0,22.4,24,,,,Monitored,,,,PF,PF,PF,PF,PF,55,PF,56,PF,57,PF,60,PF,60,PF,59,PF,58,PF,44,PF,33,PF,29,F,29,F,30,F,28,F,39,PF,37,PF,40,PF,54,PF,57,PF,58,PF,56,PF,54,PF,,Pacific Hub
Finland,FIN,EUR,,Signed and Deposited,Excellent,Tier 1,Member,Member,Member,,Member,Member,Member,,Member,,Member,,,8,,,,Member,,,,1,,,,,,,,5585,5977,6141,5776,5648,5226,4347,4504,5073,4961,5442,5263,4491,4641,4699,5072,5249,11,0,0,1,2.9,5.5,,,Watch List,Monitored,,,,F,F,F,F,F,17,F,15,F,15,F,15,F,15,F,15,F,15,F,14,F,10,F,10,F,9,F,9,F,9,F,9,F,9,F,10,F,10,F,10,F,10,F,11,F,11,F,Platinum,Baltic and Nordic States Hub
France,FRA,EUR,,Deposited,Excellent,Tier 1,Member,Member,Member,,Member,Member,Member,Member,Member,,Member,,,9,,,,Member,,,,1,,,,,,,,37730,39931,41872,45188,47323,38105,37463,36829,38616,91454,44042,45891,43271,44601,45779,44456,45532,65,0,0,1,4.1,8.2,,,,Primary Concern,,,Free,F,F,F,F,F,19,F,27,F,30,F,26,F,26,F,27,F,24,F,21,F,17,F,17,F,19,F,20,F,21,F,21,F,22,F,22,F,23,F,23,F,24,F,22,F,22,F,,
Gabon,GAB,AF,,Deposited,Poor,Tier 2,Member,Member,Member,,Member,,,,,Member,,Member,,6,,Member,,Member,,,,2,,,,,,,,1161,1155,1282,1323,1308,1128,838,888,1062,1125,1086,1196,1160,1242,1392,1321,1490,28,4,5,0,62,428,,,,Monitored,,,,NF,NF,PF,PF,PF,58,PF,52,PF,49,PF,50,PF,50,PF,52,PF,55,PF,55,PF,52,PF,58,PF,62,NF,66,NF,67,NF,69,NF,69,NF,69,NF,71,NF,69,NF,70,NF,71,NF,70,NF,,Western and Central Africa
Gambia,GMB,AF,,Signed and Deposited,Poor,Tier 2 Watch List,Member,Member,Member,,Member,,,,,Member,,Member,,6,,Member,,Member,,,,2,,,,,,,,1586,1646,2012,2835,2934,4119,3442,2188,2042,1341,1519,1544,2269,2636,1972,1274,1259,18,4,5,0,72.9,284,,,,Monitored,,,,PF,F,F,F,F,24,F,63,NF,62,NF,65,NF,65,NF,70,NF,70,NF,70,NF,65,NF,65,NF,63,NF,72,NF,73,NF,77,NF,79,NF,79,NF,81,NF,81,NF,81,NF,83,NF,83,NF,,Western and Central Africa
Georgia,GEO,EUR,,Deposited,Fair,Tier 2,Member,Member,Member,,Member,Member,,,,,,,,5,,,,Member,,,,1,1,1,,,1,1,,3615,5815,7587,4149,4062,4288,4991,5130,4581,6185,5219,5709,5530,5858,6028,6004,6093,14,0,1,1,19.9,116,,,,Monitored,,1,Free,N/A,N/A,N/A,N/A,PF,73,NF,70,NF,68,NF,55,PF,56,PF,57,PF,47,PF,53,PF,53,PF,54,PF,54,PF,56,PF,57,PF,57,PF,60,PF,60,PF,59,PF,55,PF,52,PF,49,PF,47,PF,,Central and Eastern European Hub
Germany,DEU,EUR,,Signed and Deposited,Excellent,Tier 1,Member,Member,Member,,Member,Member,Member,Member,Member,,Member,,Member,10,,,,Member,,,,1,,,,,,,,72868,72488,74756,74915,72567,62632,59338,60150,64601,63201,65809,65890,59900,59963,63663,63241,63451,19,0,0,1,4.1,5.6,,,,Primary Concern,1,,Free,N/A,N/A,F,F,F,11,F,18,F,21,F,11,F,11,F,13,F,13,F,13,F,15,F,15,F,16,F,16,F,16,F,16,F,16,F,16,F,17,F,17,F,17,F,17,F,17,F,,
Ghana,GHA,AF,1,Signed and Deposited,Poor,Tier 2,Member,Member,Member,,Member,,,,,Member,Member,Member,Member,8,,Member,,Member,,,,2,1,1,1,,,,,11593,13291,18690,18482,19995,19061,18386,20951,13552,11392,13076,18722,15618,13734,13138,15651,14130,21,4,5,0,72,72,,,,Concern,,,,NF,NF,NF,NF,PF,63,NF,62,NF,62,NF,59,PF,60,PF,61,NF,61,NF,55,PF,27,F,30,F,28,F,26,F,28,F,26,F,27,F,26,F,26,F,26,F,28,F,28,F,28,F,,Western and Central Africa
Greece,GRC,EUR,,Signed and Deposited,Good,Tier 2,Member,Member,Member,,Member,Member,Member,Member,Member,,Member,,,9,,,,Member,,,,1,,,,,,,,45609,41622,42281,43567,40183,28851,30413,32755,36508,33423,36891,41238,36533,19251,6233,7034,7382,22,0,0,1,4.8,4.5,,,Watch List,Primary Concern,,,,F,F,F,F,F,30,F,26,F,29,F,27,F,30,F,30,F,30,F,30,F,30,F,28,F,28,F,28,F,28,F,25,F,27,F,29,F,29,F,30,F,30,F,41,PF,46,PF,,
Grenada,GRD,WHA,2,Deposited,Fair,,Member,Member,Member,Member,Member,,,,,,,,,5,,,,Member,,Member,Member,3,,,,,,,,3000,4512,5918,4506,2954,1905,3566,3831,3831,2889,2451,3097,3570,2626,2288,1877,2232,12,0,0,0,13.5,4.1,,,,Concern,,,,F,F,F,F,F,22,F,20,F,20,F,20,F,20,F,20,F,20,F,20,F,16,F,14,F,16,F,20,F,23,F,23,F,24,F,24,F,24,F,24,F,24,F,23,F,24,F,,
Guatemala,GTM,WHA,2,Signed and Deposited,Poor,Tier 2,Member,Member,Member,Member,Member,,,,,,,,Member,6,,,,Member,,,,1,,,,,,,,46396,55387,64388,64733,71352,41899,34283,29271,29271,35320,32553,44643,47755,52378,57401,59134,51513,37,4,1,0,32,60,,,Watch List,Primary Concern,1,,,PF,PF,PF,PF,PF,59,PF,60,PF,56,PF,56,PF,59,PF,60,PF,54,PF,49,PF,49,PF,58,PF,62,NF,58,PF,58,PF,59,PF,58,PF,60,PF,60,PF,59,PF,60,PF,59,PF,60,PF,,Central American and Caribbean Hub
Guinea,GIN,AF,,Deposited,Unsuitable,Tier 2 Watch List,Member,Member,Member,,Member,,,,,Member,Member,Member,,7,,Member,,Member,,,,2,,,,,,,,3834,5992,3456,3885,5058,4362,3871,3751,2661,2923,2349,2255,1582,1128,1531,1592,1814,20,4,4,0,101.2,178,,,,Monitored,,,,NF,NF,NF,NF,PF,63,NF,66,NF,61,NF,63,NF,69,NF,71,NF,71,NF,71,NF,74,NF,74,NF,71,NF,73,NF,67,NF,67,NF,66,NF,66,NF,71,NF,59,PF,62,NF,62,NF,64,NF,,Western and Central Africa
Guinea Bissau,GNB,AF,,Deposited,Unsuitable,Tier 3,Member,Member,Member,,Member,,,,,Suspended,,Member,,6,,Member,,Member,,,,2,,,,,,,,251,185,153,266,260,157,138,162,141,149,154,149,134,134,132,139,157,18,4,5,0,129.10001,242,,,,Primary Concern,,,,NF,NF,NF,PF,PF,48,PF,50,PF,49,PF,57,PF,57,PF,57,PF,56,PF,56,PF,56,PF,60,PF,63,NF,55,PF,47,PF,48,PF,53,PF,52,PF,54,PF,57,PF,57,PF,65,NF,67,NF,,Western and Central Africa
Guyana,GUY,WHA,1,Deposited,Poor,Tier 2 Watch List,Member,Member,Member,Member,Member,,,,,,,,,5,,,,Member,,Member,,2,,,,,,,,9201,8392,7194,5891,12508,12821,8335,5761,5761,4840,4339,4786,6561,5610,7495,14306,15981,29,4,6,0,35.2,109,,,,Concern,,,,NF,NF,NF,PF,PF,41,PF,28,F,26,F,26,F,22,F,22,F,22,F,22,F,23,F,21,F,20,F,23,F,27,F,29,F,31,PF,30,F,30,F,30,F,33,PF,33,PF,34,PF,,South American Hub
Haiti,HTI,WHA,1,Signed and Deposited,Unsuitable,Tier 2 Watch List,Member,Member,Member,Member,Member,,,,,,,,,5,,,,Member,,Member,,2,1,1,,1,,,,16355,20551,26565,27609,25623,22297,20114,23268,23268,20332,32591,35463,25983,23970,24550,29213,36518,9,4,5,0,75.6,213,,,,Primary Concern,,,,NF,NF,NF,NF,NF,87,NF,51,PF,59,PF,59,PF,59,PF,58,PF,58,PF,59,PF,72,NF,79,NF,79,NF,66,NF,68,NF,59,PF,56,PF,53,PF,49,PF,49,PF,50,PF,49,PF,50,PF,,Central American and Caribbean Hub
Honduras,HND,WHA,2,Signed and Deposited,Poor,Tier 2 Watch List,Member,Member,Member,Member,Member,,,,,,,,,5,,,,Member,,,Member,2,,1,,,,,,24875,32672,31209,36776,35202,30434,22999,22808,22808,29815,30933,30213,27853,30753,33259,38415,41227,34,4,1,0,22.9,54,,,,Concern,1,,,PF,PF,PF,F,F,45,PF,45,PF,34,PF,47,PF,47,PF,48,PF,48,PF,45,PF,43,PF,51,PF,52,PF,51,PF,52,PF,51,PF,51,PF,52,PF,59,PF,61,NF,62,NF,62,NF,64,NF,,Central American and Caribbean Hub
Hong Kong,HKG,EAP,,,,,,,,,,,,,,,,,,0,Member,,,,,,,,,,,,,,,5194,35766,24374,25857,30764,22676,20183,30365,43108,47454,50815,49802,32562,37865,43714,46600,47941,16,,,,,77,,,,Primary Concern,1,,,N/A,N/A,N/A,N/A,N/A,30,F,30,F,30,F,41,PF,N/A,N/A,N/A,N/A,N/A,N/A,N/A,N/A,N/A,N/A,N/A,N/A,N/A,N/A,28,F,29,F,30,F,30,F,33,PF,33,PF,32,PF,33,PF,35,PF,37,PF,,
Hungary,HUN,EUR,,Signed and Deposited,Good,Tier 2,Member,Member,Member,,Member,Member,Member,Member,Member,,Member,,,9,,,,Member,,,,1,,,,,,,,44051,40435,40975,42908,32982,20378,18410,18569,21499,23104,25531,27001,6980,5061,5458,5505,5271,10,0,0,1,6.2,18,,,,Concern,,1,Free,NF,PF,F,F,F,30,F,38,PF,34,PF,31,PF,28,F,28,F,30,F,28,F,23,F,23,F,20,F,21,F,21,F,21,F,21,F,21,F,23,F,30,F,36,PF,36,PF,35,PF,,Central and Eastern European Hub
Iceland,ISL,EUR,,Signed and Deposited,Excellent,Tier 1,Member,Member,Member,,Member,Member,Member,Member,,,,,,7,,,,Member,,,,1,,,,,,,,2111,2485,1944,1833,1899,1506,1526,1507,1491,1295,1354,1259,887,1181,1355,1380,1698,15,0,0,0,2.3,3.5,,,,Monitored,,,Free,F,F,F,F,F,14,F,12,F,12,F,12,F,12,F,12,F,12,F,12,F,8,F,8,F,8,F,9,F,9,F,9,F,9,F,9,F,10,F,12,F,14,F,14,F,12,F,,Baltic and Nordic States Hub
India,IND,SCA,1,,Poor,Tier 2,Member,Member,Member,,Member,,,,,,Member,,Member,6,,,,Member,,,,1,1,1,1,1,1,1,1,249715,295220,331784,396853,416559,332546,336516,389398,378039,437687,653060,632871,499686,528286,554267,582098,684176,133,4,1,1,56.3,176,,,Priority Watch List,Primary Concern,1,,Partly Free,F,F,F,F,F,38,PF,49,PF,48,PF,40,PF,37,PF,37,PF,42,PF,42,PF,42,PF,45,PF,41,PF,38,PF,37,PF,35,PF,35,PF,36,PF,33,PF,35,PF,37,PF,38,PF,39,PF,,South Asian Hub
Indonesia,IDN,EAP,1,Signed and Deposited,Poor,Tier 2,Member,Member,Member,,Member,,,,,,,,,4,Member,,,Member,Member,,,2,1,,,1,1,,,78213,38837,50835,70299,68736,36395,31836,41421,55570,51825,44521,40498,42378,46052,62434,65520,69740,104,4,5,1,31,185,,,Priority Watch List,Primary Concern,1,,Partly Free,NF,NF,NF,PF,PF,58,PF,71,NF,74,NF,77,NF,77,NF,53,PF,49,PF,47,PF,53,PF,56,PF,55,PF,58,PF,58,PF,54,PF,54,PF,54,PF,52,PF,53,PF,49,PF,49,PF,49,PF,,East Asia Hub
Iran,IRN,NEA,,Signed and Deposited,Fair,Tier 3,Member,Member,Member,,Member,,,,,,Member,,,5,,,,Observer,,,,1,,,,,,,,21164,23296,23362,24932,22749,13071,7486,9125,10805,11575,12442,12635,17518,19822,23864,25446,26091,34,2,1,1,17.6,21,,,,Primary Concern,,,Not Free,NF,NF,NF,NF,NF,81,NF,83,NF,80,NF,80,NF,78,NF,76,NF,68,NF,72,NF,75,NF,76,NF,79,NF,80,NF,84,NF,84,NF,85,NF,85,NF,89,NF,91,NF,92,NF,92,NF,90,NF,,
Iraq,IRQ,NEA,,Signed and Deposited,Poor,Tier 2,Member,Member,Member,,Member,,,,,,,,Member,5,,,,Observer,,,,1,1,,,1,,,,2467,2378,2395,2993,3546,2086,1355,2366,3418,3255,3132,3714,5020,5905,8096,10399,14529,29,0,1,0,34.4,45,0,2,,Primary Concern,1,,,NF,NF,NF,NF,NF,99,NF,100,NF,100,NF,100,NF,100,NF,98,NF,98,NF,100,NF,96,NF,95,NF,66,NF,70,NF,71,NF,70,NF,69,NF,67,NF,65,NF,68,NF,69,NF,67,NF,69,NF,,Middle Eastern Hub
Ireland,IRL,EUR,,Signed and Deposited,Excellent,Tier 1,Member,Member,Member,,Member,Member,,,Member,,Member,,,7,,,,Member,,,,1,,,,,,,,14573,16846,18811,20407,21074,16561,16991,13456,16763,15009,15389,16583,13342,14444,17752,18530,19460,18,0,0,1,4,8.6,,,,Concern,,,,F,F,F,F,F,16,F,15,F,18,F,19,F,21,F,20,F,21,F,18,F,16,F,16,F,16,F,15,F,15,F,16,F,15,F,15,F,15,F,16,F,16,F,16,F,16,F,,
Israel,ISR,NEA,,,Excellent,Tier 1,Member,Member,Member,,Member,,Member,,,,Member,,,6,,,,Member,,,,1,,,,,,,,129580,128338,129303,143297,147745,108892,102586,104115,118331,125018,163836,188440,135434,124142,137645,132854,129369,32,0,0,1,4.2,7.6,,,,Primary Concern,,,,F,F,F,F,F,30,F,30,F,30,F,28,F,28,F,28,F,30,F,30,F,30,F,27,F,28,F,28,F,28,F,29,F,28,F,31,PF,29,F,29,F,30,F,31,PF,30,F,,Middle Eastern Hub
West Bank,PSE,NEA,,,,,,,,,,,,,,,,,,0,,,,,,,,0,1,1,1,1,,,,,,,,,,,,,,,,,,,,,,,0,,,,,,,,,,,,,,,,,,,,,,,,,,,,,,,,,,,,,,,,,,,,,,,,,,,,,,,,,,,Middle Eastern Hub
Gaza Strip,PSE,NEA,,,,,,,,,,,,,,,,,,0,,,,,,,,0,1,1,1,1,,,,,,,,,,,,,,,,,,,,,,,0,,,,,,,,,,,,,,,,,,,,,,,,,,,,,,,,,,,,,,,,,,,,,,,,,,,,,,,,,,,Middle Eastern Hub
Italy,ITA,EUR,,Signed and Deposited,Excellent,Tier 1,Member,Member,Member,,Member,Member,Member,Member,Member,,Member,,Member,10,,,,Member,,,,1,,,,,,,,21665,22036,22946,22648,20606,18949,18929,20954,22801,53947,26010,24242,22514,23333,23023,25216,26894,23,0,0,1,3.8,6.7,,,,Primary Concern,,,Free,F,F,F,F,F,25,F,30,F,30,F,27,F,27,F,28,F,27,F,27,F,27,F,28,F,33,PF,35,PF,35,PF,29,F,29,F,32,PF,33,PF,34,PF,33,PF,33,PF,31,PF,,
Jamaica,JAM,WHA,2,Signed and Deposited,Fair,Tier 2,Member,Member,Member,Member,Member,,,,,,,,,5,,,,Member,,Member,,2,,,,,,,,37409,48904,71331,82190,71271,44991,36790,44458,44458,65405,71117,66541,61899,43171,49485,49831,55118,11,0,0,0,16.8,6.6,,,Watch List,Concern,,,,F,F,F,F,F,23,F,18,F,11,F,11,F,11,F,11,F,11,F,11,F,17,F,20,F,17,F,15,F,17,F,15,F,15,F,15,F,16,F,18,F,18,F,18,F,17,F,,Central American and Caribbean Hub
Japan,JPN,EAP,,Signed and Deposited,Excellent,Tier 2,Member,Member,Member,,Member,,Member,,,,Member,,Member,7,Member,,,Member,,,,1,,,,,,,,116093,117712,112944,111140,112062,101433,94329,95360,89269,85119,80982,76623,66586,65771,71218,75071,76473,42,0,0,1,3,19,,,,Primary Concern,,,Free,F,F,F,F,F,21,F,20,F,21,F,20,F,19,F,19,F,19,F,23,F,17,F,17,F,18,F,20,F,20,F,21,F,21,F,21,F,21,F,21,F,22,F,24,F,25,F,,East Asia Hub
Jordan,JOR,NEA,,Signed and Deposited,Fair,Tier 2,Member,Member,Member,,Member,,,,,,Member,,,5,,,,Member,,,,1,,,,,,,,15423,16320,19403,21811,25472,13174,12185,12861,14500,15165,17682,17295,17720,16023,18004,21825,25348,22,0,0,0,19.1,5.8,,,,Concern,,,Partly Free,NF,NF,NF,NF,PF,52,PF,48,PF,45,PF,48,PF,60,PF,65,NF,57,PF,60,PF,60,PF,65,NF,63,NF,62,NF,61,NF,61,NF,63,NF,64,NF,63,NF,63,NF,63,NF,63,NF,68,NF,,Middle Eastern Hub
Kazakhstan,KAZ,SCA,2,Deposited,Poor,Tier 2,Member,Member,Member,,Member,Member,,,,,,,,5,,,,Observer,,,,1,1,1,,,,,,3805,4686,4515,5161,5368,5193,5264,5780,7413,9481,12173,14636,11829,14491,17405,18257,19006,28,0,0,1,18.7,137,,,,Concern,,1,Partly Free,N/A,N/A,N/A,N/A,PF,60,PF,61,NF,62,NF,64,NF,66,NF,68,NF,68,NF,70,NF,69,NF,73,NF,74,NF,75,NF,75,NF,76,NF,78,NF,78,NF,78,NF,80,NF,81,NF,84,NF,85,NF,,Central Asian Hub
Kenya,KEN,AF,1,Signed and Deposited,Poor,Tier 2 Watch List,Member,Member,Member,,Member,,,,,Member,Member,Member,,7,,Member,,Member,,,,2,1,1,1,1,1,1,,9628,10646,11483,12971,20971,14204,11272,13528,13947,15892,17002,18939,16827,16029,14486,15111,16740,38,4,4,1,72.9,272,14,0,,Primary Concern,,,Free,NF,NF,NF,NF,PF,60,PF,52,PF,62,NF,59,PF,63,NF,70,NF,70,NF,70,NF,67,NF,68,NF,60,PF,61,NF,58,PF,59,PF,60,PF,60,PF,57,PF,54,PF,52,PF,53,PF,57,PF,,East African Hub
Kiribati,KIR,EAP,,Deposited,Poor,Tier 2,Member,Member,Member,,Member,,,,,,,,,4,,,,,,,,0,,,,,,,,1001,951,757,702,936,748,782,825,629,527,611,666,666,470,562,495,467,2,0,0,0,59.9,429,,,,,,,,N/A,N/A,N/A,N/A,N/A,26,F,24,F,18,F,18,F,17,F,17,F,17,F,22,F,21,F,26,F,27,F,26,F,28,F,26,F,26,F,27,F,27,F,27,F,27,F,27,F,29,F,,Pacific Hub
Kosovo,,EUR,,,Fair,Tier 2,,,Member,,Member,,,,,,,,,2,,,,,,,,0,,1,,,1,,,,,,,,,,,,,,626,2194,3554,3774,4328,3868,,0,0,1,,,,,,Concern,,,,N/A,N/A,N/A,N/A,N/A,N/A,N/A,N/A,N/A,N/A,N/A,N/A,N/A,N/A,N/A,N/A,N/A,N/A,N/A,N/A,N/A,N/A,N/A,N/A,N/A,N/A,N/A,N/A,N/A,N/A,N/A,N/A,N/A,N/A,N/A,0,0,53,PF,51,PF,49,PF,49,PF,49,PF,,Central and Eastern European Hub
Kuwait,KWT,NEA,,Signed and Deposited,Good,Tier 3,Member,Member,Member,,Member,,,,,,,,,4,,,,Member,,,,1,,,,,,,,13038,16240,13923,10443,9537,3776,4723,5661,7990,9235,11246,12737,16917,16238,18003,21826,24777,19,0,0,0,11,26,,,Watch List,Concern,,,,NF,NF,NF,NF,NF,67,NF,70,NF,42,PF,44,PF,44,PF,45,PF,48,PF,48,PF,49,PF,54,PF,57,PF,58,PF,56,PF,56,PF,54,PF,55,PF,55,PF,57,PF,57,PF,59,PF,59,PF,,Middle Eastern Hub
Kyrgyzstan,KGZ,SCA,2,Deposited,Poor,Tier 2,Member,Member,Member,,Member,Member,,,,,,,,5,,,,Member,,,,1,1,1,,,1,,,1446,1683,1605,1825,1704,1808,1699,1662,1612,1754,2357,2753,2664,3258,3951,3759,4288,18,1,1,1,26.6,141,,,,Monitored,,,Partly Free,N/A,N/A,N/A,N/A,PF,49,PF,52,PF,60,PF,61,NF,64,NF,64,NF,61,NF,61,NF,68,NF,71,NF,71,NF,71,NF,64,NF,67,NF,70,NF,72,NF,73,NF,70,NF,69,NF,69,NF,66,NF,,Central Asian Hub
Laos,LAO,EAP,2,Signed and Deposited,Unsuitable,Tier 2,Member,Member,Member,,Member,,,,,,,,,4,,,,Member,Member,,,2,,,,,,,,1019,1168,1135,1454,2415,2282,1953,2466,2930,3294,3676,3155,2320,1915,1371,1800,3023,50,4,1,0,71.8,204,,,,Concern,,,,NF,NF,NF,NF,NF,70,NF,68,NF,62,NF,62,NF,66,NF,66,NF,66,NF,69,NF,82,NF,80,NF,82,NF,83,NF,81,NF,81,NF,83,NF,86,NF,84,NF,85,NF,84,NF,84,NF,84,NF,,East Asia Hub
Latvia,LVA,EUR,,Deposited,Good,Tier 2,Member,Member,Member,,Member,Member,,Member,Member,,,,,7,,,,Member,,,,1,,,,,,,,4848,5399,6090,7144,7556,6995,7158,7283,8555,7571,8416,8127,3564,3349,3528,3248,2343,10,0,0,1,8.7,53,,,,Primary Concern,,,,N/A,N/A,N/A,F,PF,29,F,29,F,21,F,21,F,21,F,21,F,24,F,24,F,19,F,18,F,17,F,17,F,19,F,19,F,22,F,23,F,26,F,26,F,27,F,28,F,27,F,Certified,Baltic and Nordic States Hub
Lebanon,LBN,NEA,,Signed and Deposited,Fair,Tier 2 Watch List,Member,Member,Member,,Member,,,,,,Member,,,5,,,,Observer,,,,1,,1,1,,1,,1,16144,16265,20523,24697,28440,12169,9758,14331,13581,16083,21683,19888,17480,16445,17816,20578,26314,21,0,0,0,9.3,16,,,Watch List,Primary Concern,,,Partly Free,NF,NF,NF,PF,PF,46,PF,56,PF,46,PF,46,PF,62,NF,62,NF,61,NF,61,NF,74,NF,71,NF,66,NF,60,PF,60,PF,59,PF,55,PF,56,PF,55,PF,53,PF,51,PF,53,PF,53,PF,,Middle Eastern Hub
Lesotho,LSO,AF,1,Signed and Deposited,Poor,Tier 2 Watch List,Member,Member,Member,,Member,,,,,Member,Member,Member,,7,,Member,,Member,,,,2,,,,,,,,210,309,248,323,221,266,260,243,294,276,259,272,263,275,281,341,267,5,0,4,1,99.6,630,,,,Monitored,,,,NF,NF,NF,PF,PF,47,PF,52,PF,55,PF,58,PF,58,PF,59,PF,56,PF,52,PF,46,PF,42,PF,40,PF,42,PF,42,PF,42,PF,46,PF,48,PF,48,PF,48,PF,49,PF,49,PF,47,PF,,Southern Africa
Liberia,LBR,AF,3,Signed and Deposited,Unsuitable,Tier 2 Watch List,Member,Member,Member,,Member,,,,,Member,,Member,,6,,Member,,Observer,,,,2,1,,,1,,,,2056,2892,2692,4885,3015,1896,1224,1483,966,1120,1997,1529,1368,1809,2107,3169,3521,22,4,4,0,74.8,304,,,,Monitored,,,,NF,NF,NF,NF,NF,80,NF,71,NF,70,NF,70,NF,70,NF,70,NF,67,NF,68,NF,77,NF,79,NF,75,NF,73,NF,64,NF,65,NF,65,NF,63,NF,61,NF,59,PF,60,PF,56,PF,58,PF,Gold,Western and Central Africa
Libya,LBY,NEA,,Signed and Deposited,Poor,Tier 3,Member,Member,Member,,Member,,,,,Member,,,,5,,,,Observer,,,,1,,,,,,,,411,370,436,445,500,289,260,405,797,1092,2010,5375,3806,5922,2494,3226,4593,21,0,0,0,15.4,40,,,,Monitored,,,Partly Free,NF,NF,NF,NF,NF,87,NF,85,NF,89,NF,90,NF,90,NF,92,NF,90,NF,90,NF,88,NF,89,NF,94,NF,95,NF,96,NF,96,NF,94,NF,94,NF,94,NF,94,NF,60,PF,59,PF,62,NF,,
Liechtenstein,LIE,EUR,,Deposited,Excellent,,,,,,Member,Member,,,,,,,,2,,,,Member,,,,1,,,,,,,,88,82,79,88,71,60,49,38,44,50,69,53,60,54,63,67,52,3,0,0,,,,,,,Primary Concern,,,,N/A,N/A,N/A,N/A,N/A,N/A,N/A,N/A,N/A,N/A,N/A,N/A,N/A,N/A,N/A,N/A,N/A,N/A,N/A,N/A,N/A,N/A,N/A,11,F,12,F,14,F,13,F,14,F,14,F,14,F,14,F,14,F,14,F,14,F,14,F,,
Lithuania,LTU,EUR,,Deposited,Good,Tier 2,Member,Member,Member,,Member,Member,,Member,Member,,,,,7,,,,Member,,,,1,,,,,,,,6954,6987,6924,14193,20466,12968,9395,8150,8097,8462,9427,9949,3156,2868,3017,2691,2688,8,0,0,1,5.4,66,,,,Monitored,,,,N/A,N/A,N/A,F,PF,30,F,29,F,25,F,20,F,17,F,18,F,20,F,20,F,19,F,18,F,18,F,18,F,18,F,18,F,18,F,18,F,21,F,22,F,23,F,24,F,24,F,,Baltic and Nordic States Hub
Luxembourg,LUX,EUR,,Signed and Deposited,Excellent,Tier 1,Member,Member,Member,,Member,Member,Member,Member,Member,,Member,,Member,10,,,,Member,,,,1,,,,,,,,413,381,429,393,363,278,256,319,318,356,290,297,296,268,315,336,304,4,0,0,0,2.2,6.5,,,,Primary Concern,,,,F,F,F,F,F,12,F,10,F,10,F,10,F,10,F,10,F,10,F,10,F,14,F,14,F,12,F,11,F,11,F,12,F,12,F,12,F,12,F,12,F,12,F,12,F,12,F,,
Macao,MAC,EAP,,,,,,,,,,,,,,,,,,0,,,,,,,,,,,,,,,,,,,1341,1611,930,613,744,1077,1039,1223,1251,987,1285,1732,2134,2503,1,,,,,83,,,,Primary Concern,,,,,,,,,,,,,,,,,,,,,,,,,,,,,,,,,,,,,,,,,,,,,,,,,,,,
Macedonia,MKD,EUR,,Deposited,Fair,Tier 1,Member,Member,Member,,Member,Member,,,,,Member,,,6,,,,Member,,,,1,,,,,,,,4482,4961,5287,4966,6340,5659,3995,3963,3859,4592,6417,6522,5848,6135,7224,7555,6779,9,0,0,1,7.4,18,,,,Monitored,,,,N/A,N/A,N/A,N/A,PF,N/A,N/A,34,PF,36,PF,33,PF,44,PF,42,PF,42,PF,44,PF,46,PF,50,PF,53,PF,51,PF,49,PF,45,PF,47,PF,47,PF,46,PF,48,PF,54,PF,56,PF,57,PF,,Central and Eastern European Hub
Madagascar,MDG,AF,,Signed and Deposited,Unsuitable,Tier 2 Watch List,Member,Member,Member,,Member,,,,,Member,Member,Member,,7,,Member,,Member,,,,2,,,,,,,,796,914,1097,1156,1136,944,988,1154,1198,1070,1013,1403,1275,1248,1200,1153,1446,119,4,2,0,58.2,234,,,,Monitored,,,,NF,NF,PF,PF,PF,45,PF,44,PF,32,PF,32,PF,32,PF,32,PF,32,PF,32,PF,31,PF,38,PF,41,PF,50,PF,49,PF,50,PF,48,PF,51,PF,61,NF,64,NF,63,NF,66,NF,63,NF,Silver,East African Hub
Malawi,MWI,AF,1,Deposited,Unsuitable,Tier 2,Member,Member,Member,,Member,,,,,Member,,Member,,6,,Member,,Member,,,,2,,,,,,,,891,948,1101,1396,1290,1142,1110,1109,1267,1079,1036,1295,1092,1215,1126,1352,1335,8,4,5,0,71,163,,,,Monitored,,,Partly Free,NF,NF,NF,NF,NF,41,PF,43,PF,36,PF,38,PF,40,PF,42,PF,52,PF,52,PF,54,PF,57,PF,52,PF,54,PF,55,PF,53,PF,55,PF,56,PF,56,PF,55,PF,60,PF,53,PF,51,PF,,Southern Africa
Malaysia,MYS,EAP,,Signed and Deposited,Good,Tier 2 Watch List,Member,Member,Member,,Member,,,,,,,,,4,Member,,,Member,Member,,,2,,,,,,,,67941,37147,42892,52173,53191,27452,24598,34750,36723,38185,39649,41148,31059,36094,43598,47027,44840,75,3,1,0,8.5,80,,,,Concern,,,Partly Free,PF,PF,PF,PF,PF,58,PF,64,NF,61,NF,61,NF,61,NF,66,NF,70,NF,70,NF,71,NF,71,NF,69,NF,69,NF,65,NF,68,NF,65,NF,65,NF,64,NF,64,NF,63,NF,64,NF,64,NF,,East Asia Hub
Maldives,MDV,SCA,,Signed and Deposited,Fair,Tier 2 Watch List,Member,Member,Member,,Member,,,,,,,,,4,,,,Member,,,,1,,,,,,,,81,113,180,239,203,145,301,256,205,180,216,268,254,249,331,263,327,7,0,0,1,10.5,41,,,,Monitored,,,,PF,PF,NF,NF,NF,68,NF,62,NF,68,NF,65,NF,66,NF,66,NF,65,NF,65,NF,61,NF,64,NF,64,NF,68,NF,70,NF,68,NF,66,NF,56,PF,50,PF,50,PF,51,PF,55,PF,55,PF,,South Asian Hub
Mali,MLI,AF,3,Signed and Deposited,Unsuitable,Tier 2 Watch List,Member,Member,Member,,Member,,,,,Member,,Member,,6,,Member,,Member,,,,2,1,1,,1,,,,2999,3329,3098,5433,6048,4377,4310,2746,2879,4487,2642,3021,2980,2624,3039,2079,2519,19,4,5,0,128,60,,,,Monitored,,,,NF,NF,NF,NF,PF,43,PF,52,PF,24,F,24,F,30,F,27,F,26,F,22,F,23,F,24,F,27,F,23,F,24,F,24,F,27,F,26,F,25,F,24,F,24,F,46,PF,37,PF,,Western and Central Africa
Malta,MLT,EUR,,Signed and Deposited,Good,Tier 2,Member,Member,Member,,Member,Member,,,Member,,,,,6,,,,Member,,,,1,,,,,,,,5184,4885,5114,5156,4348,2617,2555,3194,3056,2552,2826,2943,636,265,322,307,311,16,0,0,0,6.8,11,,,,Monitored,,,,F,F,F,F,F,27,F,24,F,17,F,17,F,17,F,17,F,17,F,14,F,13,F,13,F,15,F,18,F,18,F,17,F,20,F,22,F,22,F,22,F,22,F,22,F,23,F,Silver,
Marshall Islands,MHL,EAP,,Deposited,Poor,Tier 2 Watch List,Member,Member,Member,,Member,,,,,,,,,4,,,,,,,,0,,,,,,,,40,41,59,57,70,52,25,35,62,52,53,62,72,67,103,92,58,3,0,0,0,37.9,572,,,,Concern,,,,N/A,N/A,N/A,N/A,N/A,18,F,19,F,8,F,8,F,8,F,8,F,8,F,8,F,10,F,10,F,12,F,13,F,15,F,17,F,17,F,17,F,17,F,17,F,17,F,17,F,17,F,,Pacific Hub
Mauritania,MRT,AF,,Deposited,Unsuitable,Tier 3,Member,Member,Member,,Member,,,,,Member,,Member,,6,,Member,,Member,,,,2,,,,,,,,687,775,1051,1436,1588,831,616,700,678,575,503,659,710,1172,871,906,1339,32,4,5,0,84,350,,,,Monitored,,,,NF,NF,NF,NF,NF,68,NF,77,NF,71,NF,71,NF,71,NF,71,NF,67,NF,67,NF,61,NF,61,NF,64,NF,65,NF,57,PF,55,PF,56,PF,58,PF,56,PF,53,PF,52,PF,47,PF,48,PF,,Western and Central Africa
Mauritius,MUS,AF,,Signed and Deposited,Fair,Tier 2,Member,Member,Member,,Member,,,,,Member,,Member,,6,,Member,,Member,,,,2,,,,,,,,1777,1756,1818,1898,1818,1369,1291,1655,1752,1679,1760,2179,1968,2204,2439,2533,2844,13,0,0,0,15.1,21,,,,Monitored,,,,F,F,F,F,F,30,F,30,F,25,F,25,F,20,F,20,F,17,F,17,F,17,F,24,F,26,F,28,F,26,F,26,F,26,F,26,F,27,F,28,F,29,F,30,F,30,F,,East African Hub
Mexico,MEX,WHA,,Signed and Deposited,Fair,Tier 2,Member,Member,Member,Member,Member,,Member,,,,Member,,Member,8,Member,,Member,Member,,,,2,1,1,,,1,,,548716,741501,1108588,1762402,2220330,1582674,1022013,912892,912892,910381,1015403,948829,862823,1130478,1315116,1693133,1510106,137,3,1,1,16.2,23,,,Watch List,Primary Concern,1,1,Partly Free,PF,PF,PF,PF,PF,60,PF,54,PF,52,PF,52,PF,54,PF,54,PF,50,PF,46,PF,40,PF,38,PF,36,PF,42,PF,48,PF,48,PF,51,PF,55,PF,60,PF,62,NF,62,NF,61,NF,61,NF,Certified,
Moldova,MDA,EUR,,Deposited,Fair,Tier 2,Member,Member,Member,,Member,Member,,,,,Member,,,6,,,,Member,,,,1,,1,,,,,,1586,1815,2159,2885,2365,2518,2885,3114,3825,5087,9591,10444,7125,8572,8221,7897,7657,7,0,0,1,17.6,160,,,,Concern,,,,N/A,N/A,N/A,N/A,PF,41,PF,47,PF,62,NF,57,PF,58,PF,56,PF,58,PF,59,PF,59,PF,59,PF,63,NF,65,NF,65,NF,65,NF,66,NF,67,NF,65,NF,55,PF,54,PF,53,PF,53,PF,,Central and Eastern European Hub
Monaco,MCO,EUR,,Deposited,Excellent,,Member,Member,Member,,Member,Member,,,,,,,,5,,,,,,,,0,,,,,,,,26,27,15,35,20,23,14,32,37,20,24,34,41,31,28,28,30,1,0,0,0,3.8,2.1,,,,Concern,,,,N/A,N/A,N/A,N/A,N/A,N/A,N/A,N/A,N/A,N/A,N/A,N/A,N/A,N/A,N/A,N/A,N/A,N/A,N/A,N/A,N/A,N/A,N/A,9,F,13,F,14,F,16,F,16,F,16,F,16,F,16,F,16,F,16,F,16,F,15,F,,
Mongolia,MNG,EAP,,Signed and Deposited,Poor,Tier 2,Member,Member,Member,,Member,Member,,,,,,,,5,,,,Member,,,,1,,,,,,,,1909,2282,2922,2792,3498,6371,5060,4595,4242,5037,4101,4109,5526,6944,7142,7041,8892,20,0,0,1,27.5,223,,,,Concern,,,,NF,NF,PF,PF,F,40,PF,41,PF,34,PF,34,PF,34,PF,30,F,29,F,28,F,31,PF,36,PF,36,PF,35,PF,34,PF,36,PF,38,PF,41,PF,39,PF,39,PF,37,PF,37,PF,37,PF,,East Asia Hub
Montenegro,MNE,EUR,,Deposited,Fair,Tier 2,Member,Member,Member,,Member,Member,,,,,Member,,,6,,,,Member,,,,1,,,,,,,,,,,,,,,,,,,525,2131,3501,3293,3699,3862,11,0,0,0,5.9,18,,,,Concern,,,,N/A,N/A,N/A,N/A,N/A,N/A,N/A,N/A,N/A,N/A,N/A,N/A,N/A,N/A,N/A,N/A,N/A,N/A,N/A,N/A,N/A,N/A,N/A,N/A,N/A,N/A,N/A,N/A,N/A,N/A,N/A,37,PF,38,PF,37,PF,37,PF,37,PF,35,PF,36,PF,39,PF,,Central and Eastern European Hub
Morocco,MAR,NEA,,Signed and Deposited,Poor,Tier 2 Watch List,Member,Member,Member,,Member,,,,,,Member,,,5,,,,Member,,,,1,,,1,1,,,,16443,18965,20991,19813,18958,11484,11401,12194,11760,10946,10377,15125,15364,16740,17559,17936,16177,31,0,0,0,31.1,103,,,,Concern,,,Partly Free,NF,NF,PF,PF,PF,59,PF,53,PF,48,PF,51,PF,51,PF,51,PF,49,PF,53,PF,58,PF,57,PF,61,NF,63,NF,61,NF,62,NF,64,NF,64,NF,66,NF,68,NF,68,NF,66,NF,66,NF,,Middle Eastern Hub
Mozambique,MOZ,AF,1,Deposited,Unsuitable,Tier 2,Member,Member,Member,,Member,,,,,Member,Member,Member,,7,,Member,,Member,,,,2,1,1,,,1,,,743,854,921,1116,1084,1063,956,856,868,840,862,1085,1091,1138,1313,1505,1902,46,4,5,1,89.7,552,,,,Monitored,,,,NF,NF,NF,PF,PF,61,NF,54,PF,36,PF,50,PF,48,PF,48,PF,48,PF,48,PF,48,PF,47,PF,45,PF,45,PF,43,PF,40,PF,40,PF,41,PF,42,PF,44,PF,43,PF,42,PF,45,PF,,Southern Africa
Namibia,NAM,AF,1,Deposited,Fair,Tier 2 Watch List,Member,Member,Member,,Member,,,,,Member,Member,Member,,7,,Member,,Member,,,,2,,,,,,,,693,764,902,957,875,747,802,901,925,926,1031,1059,944,1047,1266,1338,1305,29,4,1,1,38.7,655,,,,Monitored,,,,N/A,N/A,N/A,F,F,23,F,23,F,30,F,30,F,30,F,38,PF,34,PF,34,PF,34,PF,37,PF,34,PF,29,F,30,F,30,F,30,F,30,F,34,PF,34,PF,32,PF,31,PF,31,PF,,Southern Africa
Nauru,NRU,EAP,,Deposited,Poor,,Member,Member,Member,,Member,,,,,,,,,4,,,,,,,,0,,,,,,,,55,61,70,272,121,38,21,24,30,37,17,9,20,15,40,43,21,,0,0,0,37.1,54,,,,Monitored,,,,F,F,F,F,F,20,F,18,F,6,F,6,F,6,F,6,F,6,F,13,F,27,F,26,F,25,F,29,F,30,F,28,F,28,F,28,F,28,F,28,F,28,F,28,F,31,PF,,Pacific Hub
Nepal,NPL,SCA,3,Signed and Deposited,Unsuitable,Tier 2,Member,Member,Member,,Member,,,,,,,,,4,,,,Member,,,,1,1,1,,,1,,,5709,7008,5969,6652,7539,7708,6920,6755,8097,11285,12419,15751,10686,9911,9825,10341,11664,60,4,1,1,41.6,163,,,,Monitored,,,,PF,PF,PF,F,F,53,PF,54,PF,52,PF,56,PF,59,PF,59,PF,59,PF,57,PF,60,PF,65,NF,65,NF,69,NF,77,NF,58,PF,57,PF,57,PF,59,PF,59,PF,55,PF,58,PF,55,PF,,South Asian Hub
Netherlands,NLD,EUR,,Signed and Deposited,Excellent,Tier 1,Member,Member,Member,,Member,Member,Member,Member,Member,,Member,,Member,10,,,,Member,,,,1,,,,,,,,16773,17576,16829,17682,16452,15389,13838,15115,15151,15574,15610,16227,15059,15043,15316,15037,17994,26,0,0,1,4.1,6.3,,,,Primary Concern,1,,,F,F,F,F,F,14,F,18,F,14,F,14,F,14,F,14,F,14,F,15,F,15,F,15,F,12,F,11,F,11,F,13,F,13,F,13,F,14,F,14,F,12,F,11,F,10,F,,
New Zealand,NZL,EAP,,Signed and Deposited,Excellent,Tier 1,Member,Member,Member,,Member,,Member,,,,Member,,,6,Member,,,Member,,,,1,,,,,,,,8774,8435,9265,9895,11088,9022,8995,9648,8950,8816,8992,9151,7567,7717,8171,7812,8866,24,0,0,1,5.7,7.6,,,,Monitored,,,,F,F,F,F,F,8,F,8,F,6,F,6,F,6,F,8,F,8,F,8,F,8,F,8,F,10,F,12,F,13,F,13,F,13,F,14,F,14,F,15,F,17,F,16,F,18,F,,Pacific Hub
Nicaragua,NIC,WHA,2,Signed and Deposited,Poor,Tier 1,Member,Member,Member,Member,Member,,,,,,Member,,,6,,,,Member,,,Member,2,1,,,,,,,19468,18960,15606,13017,13593,12548,11162,12879,12879,13576,13926,15743,14067,13243,15089,16911,20052,29,4,1,0,24.4,38,,,,Concern,,,,NF,NF,PF,PF,PF,56,PF,53,PF,44,PF,44,PF,40,PF,40,PF,40,PF,40,PF,32,PF,40,PF,37,PF,42,PF,44,PF,42,PF,43,PF,45,PF,47,PF,47,PF,49,PF,51,PF,52,PF,,Central American and Caribbean Hub
Niger,NER,AF,,Deposited,Unsuitable,Tier 2,Member,Member,Member,,Member,,,,,Member,,Member,,6,,Member,,Member,,,,2,,,,,,,,706,847,1240,1510,1600,1117,1006,1175,1313,1209,1231,977,1039,978,995,1200,1258,15,4,5,1,113.5,104,,,,Monitored,,,,NF,NF,NF,NF,NF,61,NF,61,NF,54,PF,63,NF,63,NF,68,NF,62,NF,62,NF,49,PF,53,PF,56,PF,53,PF,56,PF,58,PF,63,NF,64,NF,68,NF,59,PF,49,PF,50,PF,52,PF,,Western and Central Africa
Nigeria,NGA,AF,1,Signed and Deposited,Unsuitable,Tier 2,Member,Member,Member,,Member,,,,,Member,Member,Member,,7,,Member,,Member,,,,2,1,,1,,,,,25077,26966,28208,27294,42222,42575,47593,44653,43201,37234,50251,59748,55581,64279,63503,83944,113503,30,4,5,1,123.7,108,53,5,,Primary Concern,,,Partly Free,F,PF,PF,PF,PF,57,PF,69,NF,92,NF,93,NF,93,NF,55,PF,53,PF,55,PF,57,PF,53,PF,53,PF,52,PF,54,PF,55,PF,53,PF,54,PF,54,PF,52,PF,50,PF,51,PF,51,PF,,Western and Central Africa
North Korea,PRK,EAP,,,Unsuitable,Tier 3,Member,Member,Member,,Member,,,,,,,,,4,,,,,,,,0,,,,,,,,1745,1531,1643,1634,1489,761,296,222,202,148,150,137,76,53,111,87,56,29,3,1,1,28.8,409,,,,Concern,,,,NF,NF,NF,NF,NF,90,NF,92,NF,100,NF,100,NF,100,NF,100,NF,100,NF,100,NF,96,NF,96,NF,98,NF,97,NF,97,NF,97,NF,98,NF,98,NF,99,NF,97,NF,97,NF,96,NF,97,NF,,East Asia Hub
Norway,NOR,EUR,,Signed and Deposited,Excellent,Tier 1,Member,Member,Member,,Member,Member,Member,Member,,,Member,,Member,9,,,,Member,,,,1,,,,,,,,8546,8581,8135,8311,7721,7917,7697,8139,9365,9921,9831,10389,9364,10120,10432,10726,10407,19,0,0,1,2.8,7.5,,,,Monitored,,,,F,F,F,F,F,10,F,8,F,5,F,5,F,5,F,5,F,5,F,5,F,9,F,9,F,9,F,10,F,10,F,11,F,10,F,10,F,10,F,11,F,10,F,10,F,10,F,,Baltic and Nordic States Hub
Oman,OMN,NEA,,Deposited,Fair,Tier 2,Member,Member,Member,,Member,,,,,,,,,4,,,,Member,,,,1,,,,,,,,2442,2760,2996,2949,2968,1522,1060,1578,1908,1734,1956,2187,2407,2385,2869,4193,5139,27,1,0,1,11.6,13,,,,Monitored,,,,NF,NF,NF,NF,NF,68,NF,69,NF,62,NF,67,NF,75,NF,75,NF,71,NF,71,NF,68,NF,73,NF,74,NF,72,NF,70,NF,71,NF,71,NF,71,NF,71,NF,71,NF,71,NF,71,NF,71,NF,,Middle Eastern Hub
Pakistan,PAK,SCA,,,Poor,Tier 2,Member,Member,Member,,Member,,,,,,Member,,Member,6,,,,Member,,,,1,1,1,,1,,,1,48695,44574,49769,88791,75512,29613,24092,24934,28025,39096,39145,32666,33730,31595,33808,44619,49097,59,4,4,1,85.9,231,93,102,Priority Watch List,Primary Concern,1,,Not Free,F,PF,PF,PF,PF,58,PF,59,PF,60,PF,54,PF,58,PF,60,PF,64,NF,57,PF,57,PF,58,PF,59,NF,61,NF,61,NF,63,NF,66,NF,62,NF,61,NF,61,NF,63,NF,64,NF,64,NF,Silver,South Asian Hub
Palau,PLW,EAP,,Deposited,Poor,Tier 2,Member,Member,Member,,Member,,,,,,,,,4,,,,,,,,0,,,,,,,,29,6,2,13,19,16,22,17,29,16,18,7,15,37,20,28,23,8,0,0,0,20.8,24,,,,Monitored,,,,N/A,N/A,N/A,N/A,N/A,N/A,N/A,N/A,N/A,N/A,N/A,N/A,N/A,N/A,N/A,N/A,N/A,N/A,N/A,N/A,N/A,N/A,N/A,9,F,11,F,13,F,14,F,14,F,14,F,14,F,14,F,14,F,16,F,16,F,15,F,,Pacific Hub
Panama,PAN,WHA,2,Signed and Deposited,Fair,Tier 2,Member,Member,Member,Member,Member,,,,,,,,,5,,,,Member,,,,1,,,,,,,,19583,18284,21715,23316,20719,16818,18074,19574,19574,22813,20736,24446,26927,26284,24913,26826,28657,40,4,1,0,18.5,48,,,,Primary Concern,,,,NF,NF,F,F,F,27,F,22,F,30,F,30,F,30,F,30,F,30,F,30,F,30,F,34,PF,45,PF,44,PF,43,PF,43,PF,44,PF,44,PF,44,PF,44,PF,46,PF,48,PF,50,PF,Certified,Central American and Caribbean Hub
Papua New Guinea,PNG,EAP,1,Deposited,Poor,Tier 3,Member,Member,Member,,Member,,,,,,,,,4,Member,,,Member,,,,1,,,,,,,,873,901,1063,775,613,543,488,467,559,513,468,611,728,808,831,757,966,26,4,3,1,63,348,,,,Monitored,,,,F,F,F,F,F,25,F,23,F,30,F,30,F,28,F,28,F,28,F,29,F,26,F,25,F,25,F,29,F,29,F,30,F,28,F,26,F,24,F,25,F,27,F,28,F,29,F,,Pacific Hub
Paraguay,PRY,WHA,,Signed and Deposited,Poor,Tier 2,Member,Member,Member,Member,Member,,,,,,,,,5,,,,Member,,,,1,,1,,,1,,,7400,7329,7471,7500,7339,5202,4357,4873,4873,4824,5948,6849,6246,6705,7862,8778,11317,29,3,1,0,22,45,,,Watch List,Primary Concern,,,,NF,PF,PF,PF,PF,41,PF,56,PF,52,PF,52,PF,52,PF,47,PF,51,PF,51,PF,51,PF,55,PF,54,PF,56,PF,57,PF,60,PF,60,PF,59,PF,59,PF,60,PF,60,PF,61,NF,59,PF,,South American Hub
Peru,PER,WHA,,Signed and Deposited,Fair,Tier 2,Member,Member,Member,Member,Member,,,,,,,,,5,Member,,,Member,,,,1,1,1,,1,1,,1,56017,55059,61792,81782,107768,67807,63410,79348,79348,55157,58677,61272,64974,64976,70850,75701,83651,53,4,1,1,18.2,95,,,Watch List,Concern,,,,F,F,PF,PF,PF,58,PF,57,PF,60,PF,56,PF,59,PF,63,NF,67,NF,54,PF,30,F,35,PF,34,PF,40,PF,39,PF,42,PF,44,PF,44,PF,44,PF,43,PF,44,PF,43,PF,44,PF,,South American Hub
Philippines,PHL,EAP,,Signed and Deposited,Fair,Tier 2,Member,Member,Member,,Member,,,,,,Member,,Member,6,Member,,,Member,Member,,,2,1,1,1,1,1,,1,145043,151182,146603,169408,195328,180844,125553,127185,143364,152102,202734,194286,176372,159897,155150,198683,183101,45,4,1,1,29.8,265,,,,Primary Concern,,,Free,F,F,F,PF,PF,55,PF,46,PF,46,PF,46,PF,30,F,30,F,30,F,30,F,30,F,30,F,34,PF,35,PF,40,PF,46,PF,45,PF,45,PF,48,PF,46,PF,42,PF,43,PF,44,PF,Gold,East Asia Hub
Poland,POL,EUR,,Signed and Deposited,Good,Tier 1,Member,Member,Member,,Member,Member,Member,,Member,,Member,,,8,,,,Member,,,,1,,,,,,,,88277,89748,103177,110471,105365,103161,92814,109986,120211,113043,103183,104855,75856,73968,73929,73378,74690,15,0,0,1,5,21,,,,Concern,,,,NF,PF,F,F,F,30,F,29,F,21,F,27,F,25,F,25,F,19,F,19,F,18,F,18,F,19,F,20,F,21,F,22,F,24,F,24,F,24,F,25,F,25,F,26,F,27,F,,Central and Eastern European Hub
Portugal,PRT,EUR,,Deposited,Excellent,Tier 2,Member,Member,Member,,Member,Member,Member,,Member,,Member,,,8,,,,Member,,,,1,,,,,,,,47711,45619,42872,5576,4685,4758,4361,4374,4950,5126,5566,6068,5007,4652,4906,5606,5857,29,0,0,1,3.6,26,,,,Concern,,,,F,F,F,F,F,18,F,16,F,17,F,17,F,17,F,17,F,17,F,17,F,15,F,15,F,14,F,14,F,14,F,14,F,16,F,16,F,16,F,17,F,17,F,17,F,18,F,,
Qatar,QAT,NEA,,Deposited,Good,Tier 2,Member,Member,Member,,Member,,,,,,,,,4,,,,Member,,,,1,,,,,,,,2784,2866,2550,2917,2625,860,852,965,1507,1921,2408,3302,3732,4141,5765,7011,9608,10,0,0,1,7.4,41,,,,Concern,,,,NF,NF,NF,NF,NF,64,NF,64,NF,62,NF,53,PF,62,NF,62,NF,62,NF,62,NF,62,NF,61,NF,61,NF,62,NF,61,NF,63,NF,64,NF,65,NF,66,NF,66,NF,67,NF,67,NF,67,NF,,Middle Eastern Hub
Republic of Congo,COG,AF,,Signed and Deposited,,Tier 2,Member,,Member,,Member,,,,,Member,Member,Member,,6,,Member,,Member,,,,2,,,,,,,,3175,2804,2566,866,1093,736,786,741,847,959,948,934,1320,1522,1664,1600,1487,22,4,5,0,96,381,,,,Monitored,,,,NF,NF,NF,PF,PF,59,PF,53,PF,52,PF,45,PF,72,NF,75,NF,77,NF,71,NF,53,PF,55,PF,54,PF,51,PF,51,PF,51,NF,51,NF,53,PF,54,PF,54,PF,55,PF,56,PF,57,PF,Gold,Western and Central Africa
Republic of Serbia,SRB,EUR,,Deposited,Fair,Tier 2,Member,Member,Member,,Member,Member,,,,,Member,,,6,,,,Observer,,,,1,,1,,,,,,,,,,,,,,,2,,733,9705,16070,18123,18111,18503,,0,0,1,6.6,23,,,,Concern,,,,N/A,N/A,N/A,N/A,N/A,N/A,N/A,N/A,N/A,N/A,N/A,N/A,N/A,N/A,N/A,N/A,N/A,N/A,N/A,N/A,N/A,N/A,N/A,N/A,N/A,N/A,N/A,N/A,N/A,N/A,N/A,39,PF,39,PF,39,PF,35,PF,33,PF,35,PF,36,PF,37,PF,Certified,Central and Eastern European Hub
Romania,ROU,EUR,,Signed and Deposited,Fair,Tier 2,Member,Member,Member,,Member,Member,,Member,Member,,Member,,,8,,,,Member,,,,1,,,,,,,,24744,26193,25298,27213,33662,30033,31040,38872,42038,45321,43310,44273,31587,31647,32627,32979,36616,12,0,0,1,12.2,94,,,Watch List,Concern,,1,,NF,NF,NF,PF,F,55,PF,50,PF,49,PF,47,PF,39,PF,44,PF,44,PF,44,PF,35,PF,38,PF,47,PF,47,PF,44,PF,42,PF,44,PF,44,PF,43,PF,42,PF,41,PF,42,PF,41,PF,Certified,Central and Eastern European Hub
Russia,RUS,EUR,,Signed and Deposited,Fair,Tier 3 Auto-Downgrade,Member,Member,Member,,Member,Member,,,,,Member,,Member,7,Member,,,Member,,,,1,,,,,,,,126222,137960,106126,99051,97638,91390,96097,102272,121843,130220,145725,171776,156958,175644,204315,225070,269692,46,0,0,1,10.3,91,,,Priority Watch List,Primary Concern,,,Partly Free,N/A,N/A,N/A,N/A,PF,40,PF,55,PF,58,PF,53,PF,53,PF,59,PF,60,PF,60,PF,60,PF,66,NF,67,NF,68,NF,72,NF,75,NF,78,NF,80,NF,81,NF,81,NF,80,NF,81,NF,81,NF,,
Rwanda,RWA,AF,1,Deposited,Poor,Tier 2 Watch List,Member,Member,Member,,Member,,,,,Member,Member,Member,,7,,Member,,Member,,,,2,1,1,,1,1,,,705,1192,1237,1424,980,800,679,948,1024,1192,1499,1582,1552,1701,2078,2573,2108,7,4,1,0,55,86,,,,Monitored,,,Partly Free,N/A,N/A,N/A,NF,NF,63,NF,N/A,NF,74,NF,74,NF,71,NF,72,NF,72,NF,72,NF,87,NF,80,NF,82,NF,84,NF,85,NF,84,NF,84,NF,85,NF,83,NF,84,NF,82,NF,80,NF,79,NF,,East African Hub
Saint Kitts and Nevis,KNA,WHA,2,Deposited,Fair,Tier 2 Watch List,Member,Member,Member,Member,Member,,,,,,,,,5,,,,Member,,Member,,2,,,,,,,,1586,1742,2770,2135,1779,1344,1999,2673,2673,1954,1703,1757,2263,1873,1550,1390,1415,4,0,0,0,9.2,4.3,,,,Concern,,,,F,F,F,F,F,21,F,19,F,18,F,18,F,18,F,18,F,18,F,18,F,18,F,18,F,21,F,23,F,21,F,20,F,19,F,19,F,20,F,20,F,20,F,20,F,20,F,,
Saint Lucia,LCA,WHA,2,Deposited,Fair,Tier 2,Member,Member,Member,Member,Member,,,,,,,,,5,,,,Member,,Member,,2,,,,,,,,4801,5746,7919,6827,3570,2856,5331,4475,4475,4703,3612,4260,4402,4007,3343,2916,3043,7,0,0,0,17.5,3.3,,,,Concern,,,,F,F,F,F,F,13,F,13,F,13,F,13,F,13,F,13,F,13,F,13,F,11,F,8,F,11,F,16,F,18,F,16,F,16,F,15,F,15,F,15,F,15,F,15,F,15,F,,
Saint Vincent and the Grenadines,VCT,WHA,2,Deposited,Fair,Tier 2,Member,Member,Member,Member,Member,,,,,,,,,5,,,,Member,,Member,,2,,,,,,,,2817,3337,4695,3721,2850,2415,3382,3583,3583,3170,2961,2871,3074,2405,1949,1789,1996,8,0,0,0,23.4,24,,,,Concern,,,,F,F,F,F,F,22,F,12,F,16,F,16,F,16,F,16,F,16,F,16,F,16,F,17,F,14,F,16,F,16,F,17,F,17,F,17,F,17,F,17,F,17,F,17,F,17,F,,
Samoa,WSM,EAP,,Deposited,Fair,Tier 3,Member,Member,Member,,Member,,,,,,,,,4,,,,Member,,,,1,,,,,,,,1594,1601,1679,2030,2638,2163,1575,1479,1252,1113,973,821,968,694,728,854,791,6,0,0,0,17.8,18,,,,Monitored,,,,N/A,N/A,N/A,N/A,N/A,30,F,29,F,28,F,28,F,28,F,31,PF,34,PF,21,F,23,F,24,F,24,F,25,F,29,F,30,F,29,F,29,F,29,F,30,F,29,F,29,F,29,F,,Pacific Hub
San Marino,SMR,EUR,,Signed and Deposited,Excellent,Tier 2,Member,Member,Member,,Member,Member,,,,,,,,5,,,,,,,,0,,,,,,,,20,20,30,25,10,24,18,14,23,17,24,20,15,11,17,12,19,,0,0,0,3.3,1.5,,,,Monitored,,,,N/A,N/A,N/A,N/A,N/A,N/A,N/A,N/A,N/A,N/A,N/A,N/A,N/A,N/A,N/A,N/A,N/A,N/A,N/A,N/A,N/A,N/A,N/A,9,F,14,F,16,F,17,F,17,F,17,F,17,F,17,F,17,F,17,F,16,F,16,F,,
Sao Tome and Principe,STP,AF,,Deposited,Poor,,Member,Member,Member,,Member,,,,,Member,,Member,,6,,Member,,Observer,,,,2,,,,,,,,47,102,85,97,82,92,78,85,96,71,79,70,65,78,81,82,72,11,4,1,0,53.2,93,,,,Monitored,,,,NF,NF,NF,PF,PF,52,PF,34,PF,48,PF,48,PF,30,F,30,F,27,F,25,F,19,F,19,F,28,F,28,F,29,F,29,F,28,F,28,F,28,F,29,F,29,F,28,F,28,F,,Western and Central Africa
Saudi Arabia,SAU,NEA,,Deposited,Good,,Member,Member,Member,,Member,,,,,,,,Member,5,,,,Member,,,,1,,,,,,,,51443,51067,56495,60508,46636,14126,10635,11985,17537,25532,28450,36224,56199,75535,90728,103213,108578,25,2,1,0,8.6,15,,,,Concern,,,Not Free,NF,NF,NF,NF,NF,71,NF,76,NF,62,NF,80,NF,80,NF,85,NF,90,NF,92,NF,80,NF,80,NF,80,NF,80,NF,79,NF,82,NF,81,NF,82,NF,83,NF,83,NF,84,NF,84,NF,83,NF,,Middle Eastern Hub
Senegal,SEN,AF,3,Signed and Deposited,Poor,,Member,Member,Member,,Member,,,,,Member,,Member,,6,,Member,,Member,,,,2,1,1,1,1,1,1,,7134,8441,9028,12156,10265,5301,5094,5199,4602,4635,4212,5561,5208,4786,4775,4824,4876,26,4,5,0,59.6,137,,,,Concern,,,,PF,PF,PF,PF,PF,56,PF,48,PF,31,PF,37,PF,33,PF,33,PF,33,PF,34,PF,39,PF,38,PF,37,PF,37,PF,44,PF,46,PF,49,PF,53,PF,57,PF,54,PF,55,PF,52,PF,48,PF,,Western and Central Africa
Seychelles,SYC,AF,,Deposited,Good,Tier 2 Watch List,Member,Member,Member,,Member,,,,,Member,,Member,,6,,Member,,Observer,,,,2,,,,,,,,209,247,266,279,256,229,181,160,187,186,179,188,160,250,184,233,204,9,0,0,0,13.1,30,,,,Concern,,,,NF,NF,NF,NF,PF,44,PF,57,PF,50,PF,50,PF,50,PF,50,PF,50,PF,51,PF,51,PF,50,PF,52,PF,58,PF,60,PF,60,PF,59,PF,59,PF,58,PF,56,PF,56,PF,56,PF,52,PF,,East African Hub
Sierra Leone,SLE,AF,1,Deposited,Unsuitable,Tier 2,Member,Member,Member,,Member,,,,,Member,,Member,Member,7,,Member,,Member,,,,2,,,,,,,,2056,1462,1301,1750,1910,1415,1550,1685,1462,1522,1862,1965,1710,1765,1971,1807,1785,18,4,4,0,181.60001,674,,,,Concern,,,,NF,NF,PF,PF,NF,81,NF,72,NF,75,NF,75,NF,80,NF,80,NF,85,NF,75,NF,62,NF,61,NF,58,PF,59,PF,59,PF,56,PF,59,PF,56,PF,55,PF,53,PF,49,PF,49,PF,49,PF,,Western and Central Africa
Singapore,SGP,EAP,,Signed and Deposited,Good,Tier 2,Member,Member,Member,,Member,,,,,,,,,4,Member,,,Member,Member,,,2,,,,,,,,63159,50379,35423,7475,7991,7423,6896,8723,9740,10384,9758,10058,9532,10412,10743,10926,10375,21,0,0,0,2.9,50,,,,Primary Concern,1,1,,PF,PF,PF,PF,PF,60,PF,65,NF,61,NF,66,NF,66,NF,66,NF,66,NF,68,NF,68,NF,66,NF,64,NF,66,NF,66,NF,69,NF,69,NF,68,NF,68,NF,68,NF,67,NF,67,NF,67,NF,,East Asia Hub
Slovakia,SVK,EUR,,Deposited,Good,Tier 1,Member,Member,Member,,Member,Member,Member,Member,Member,,,,Member,9,,,,Member,,,,1,,,,,,,,15157,14851,14604,16746,19662,19314,18017,17468,17342,18673,17294,16332,5631,4579,5211,4891,4968,10,0,0,0,7.5,6.8,,,,Concern,,,,N/A,N/A,N/A,N/A,N/A,47,PF,55,PF,41,PF,49,PF,47,PF,30,F,30,F,26,F,22,F,21,F,21,F,21,F,20,F,20,F,22,F,23,F,23,F,22,F,21,F,22,F,23,F,,Central and Eastern European Hub
Slovenia,SVN,EUR,,Deposited,Good,Tier 1,Member,Member,Member,,Member,Member,Member,Member,Member,,Member,,,9,,,,Member,,,,1,,,,,,,,10792,1609,1227,1212,1270,1358,1185,1195,1091,1039,1062,1112,996,933,1083,1107,1170,11,0,0,1,3.1,7.5,,,,Monitored,,,,N/A,N/A,N/A,N/A,PF,40,PF,37,PF,27,F,28,F,27,F,27,F,27,F,21,F,20,F,19,F,19,F,19,F,20,F,21,F,23,F,24,F,25,F,25,F,25,F,24,F,24,F,,Central and Eastern European Hub
Solomon Islands,SLB,EAP,,Deposited,,Tier 2 Watch List,Member,Member,Member,,Member,,,,,,,,,4,,,,Member,,,,1,,,,,,,,93,124,143,88,108,103,101,94,106,102,153,150,97,191,159,156,152,14,4,1,0,31.1,97,,,,Monitored,,,,N/A,N/A,N/A,N/A,N/A,22,F,18,F,13,F,14,F,14,F,16,F,18,F,22,F,24,F,25,F,30,F,30,F,30,F,30,F,30,F,30,F,29,F,29,F,28,F,28,F,28,F,,Pacific Hub
Somalia,SOM,AF,,Signed and Deposited,Unsuitable,Special Case,Member,Member,Member,,Member,,,,,Member,Member,,,6,,Member,,,,,,1,,,,,,,,619,783,892,995,989,284,191,181,219,205,253,227,237,177,144,202,210,23,4,5,0,147.39999,286,194,4,,Primary Concern,,,,NF,NF,NF,NF,NF,N/A,NF,N/A,NF,79,NF,86,NF,86,NF,88,NF,88,NF,86,NF,88,NF,80,NF,80,NF,83,NF,83,NF,85,NF,84,NF,84,NF,84,NF,84,NF,84,NF,84,NF,82,NF,,
South Africa,ZAF,AF,1,Deposited,Good,Tier 2,Member,Member,Member,,Member,,,,,Member,Member,Member,Member,8,,Member,,Member,,,,2,1,,,,,,,72221,73354,68685,71605,66541,49805,51347,56634,61063,57767,58357,61801,49960,51052,60152,62516,59038,81,4,1,1,44.6,1003,,,,Concern,1,,Free,NF,PF,PF,PF,PF,38,PF,30,F,30,F,27,F,28,F,28,F,25,F,23,F,23,F,25,F,24,F,26,F,27,F,28,F,28,F,30,F,32,PF,33,PF,34,PF,35,PF,33,PF,Certified,Southern Africa
South Korea,KOR,EAP,,Deposited,Good,Tier 1,Member,Member,Member,,Member,,Member,,,,Member,,,6,Member,,,Member,,,,1,,,,,,,,619011,380645,402418,479205,430855,353457,411445,344213,386524,436028,448636,389287,122370,106904,106994,90927,80919,32,3,1,1,3.8,108,,,,Concern,1,1,Partly Free,F,F,F,F,F,29,F,28,F,22,F,25,F,28,F,28,F,27,F,27,F,30,F,29,F,29,F,29,F,30,F,30,F,30,F,30,F,30,F,32,PF,32,PF,31,PF,32,PF,,East Asia Hub
South Sudan,,AF,1,,,Tier 2 Watch List,Member,Member,Member,,Member,,,,,Member,,Member,,6,,,,,,,,0,1,,,,,,,,,,,,,,,,,,,,,73,467,508,11,4,5,0,104,146,,,,Monitored,,,,N/A,N/A,N/A,N/A,N/A,N/A,N/A,N/A,N/A,N/A,N/A,N/A,N/A,N/A,N/A,N/A,N/A,N/A,N/A,N/A,N/A,N/A,N/A,N/A,N/A,N/A,N/A,N/A,N/A,N/A,N/A,N/A,N/A,N/A,N/A,N/A,N/A,N/A,N/A,N/A,N/A,59,PF,60,PF,62,NF,,East African Hub
Spain,ESP,EUR,,Deposited,Excellent,Tier 1,Member,Member,Member,,Member,,Member,Member,Member,,Member,,Member,9,,,,Member,,,,1,,,,,,,,19721,19507,21326,21961,21594,18619,17083,18067,19208,17526,19083,20607,22089,22459,25880,26401,27681,27,0,0,1,4.5,14,,,,Primary Concern,,,,F,F,F,F,F,14,F,23,F,17,F,19,F,17,F,21,F,18,F,20,F,17,F,16,F,19,F,22,F,21,F,22,F,23,F,24,F,24,F,23,F,24,F,27,F,28,F,,
Sri Lanka,LKA,SCA,,Signed and Deposited,Fair,Tier 2 Watch List,Member,Member,Member,,Member,,,,,,,,,4,,,,Member,,,,1,,1,1,1,,,,8778,10707,11687,12756,10499,6304,8693,9761,12332,14185,12693,11421,8512,9502,11517,11541,11984,32,2,1,0,9.6,66,,,,Monitored,,,Partly Free,PF,PF,PF,PF,PF,43,PF,41,PF,46,PF,54,PF,50,PF,58,PF,70,NF,74,NF,63,NF,52,PF,53,PF,56,PF,58,PF,63,NF,67,NF,70,NF,72,NF,71,NF,72,NF,74,NF,76,NF,,South Asian Hub
Sudan,SDN,AF,,Signed and Deposited,Unsuitable,Tier 3,Member,Member,Member,,Member,,,,,Member,Member,,,6,,Member,,Observer,,,,2,,,,,,,,3362,3207,3778,4598,4930,2188,1658,1555,1604,1980,2421,2502,2855,3217,3938,3771,3328,19,4,4,0,73.1,114,,,,Monitored,,,Not Free,PF,NF,NF,NF,NF,88,NF,76,NF,80,NF,85,NF,85,NF,85,NF,85,NF,85,NF,87,NF,84,NF,85,NF,86,NF,85,NF,81,NF,78,NF,78,NF,76,NF,78,NF,78,NF,80,NF,81,NF,,East African Hub
Suriname,SUR,WHA,2,Deposited,Unsuitable,Tier 2 Watch List,Member,Member,Member,Member,Member,,,,,,,,,5,,,,Member,,,,1,,,,,,,,3157,3071,2276,2342,2109,1743,1737,1727,1727,1914,2514,3069,3168,2852,3156,4489,5305,29,4,1,0,20.8,41,,,,Concern,,,,F,PF,PF,PF,PF,43,PF,45,PF,31,PF,31,PF,31,PF,31,PF,31,PF,28,F,25,F,26,F,18,F,20,F,23,F,22,F,23,F,23,F,23,F,23,F,23,F,24,F,28,F,,South American Hub
Swaziland,SWZ,AF,1,Signed and Deposited,Poor,Tier 2,Member,Member,Member,,Member,,,,,Member,,Member,,6,,Member,,Member,,,,2,,,,,,,,311,289,298,455,367,304,285,365,446,432,354,379,442,518,438,535,480,22,4,1,1,79.7,1349,,,,Monitored,,,,NF,NF,NF,PF,PF,72,NF,73,NF,69,NF,69,NF,75,NF,75,NF,77,NF,77,NF,77,NF,74,NF,77,NF,79,NF,77,NF,76,NF,76,NF,76,NF,76,NF,76,NF,76,NF,77,NF,78,NF,,Southern Africa
Sweden,SWE,EUR,,Signed and Deposited,Excellent,Tier 1,Member,Member,Member,,Member,,,,Member,,Member,,,6,,,,Member,,,,1,,,,,,,,18652,18779,17607,17679,15637,12701,11712,12393,13185,13449,13701,13750,12560,12686,13034,13366,14198,12,0,0,1,2.9,7.2,,,,Monitored,,1,,F,F,F,F,F,11,F,10,F,10,F,10,F,10,F,10,F,11,F,10,F,8,F,8,F,8,F,9,F,10,F,11,F,11,F,11,F,10,F,11,F,10,F,10,F,10,F,,Baltic and Nordic States Hub
Switzerland,CHE,EUR,,Signed and Deposited,Excellent,Tier 2,Member,Member,Member,,Member,Member,Member,,,,Member,,Member,8,,,,Member,,,,1,,,,,,,,16644,17883,17896,16341,14707,14714,8919,9016,9074,9101,10225,11138,12598,12096,13777,12962,11795,10,0,0,0,4.3,6,,,,Primary Concern,1,,,F,F,F,F,F,11,F,10,F,8,F,9,F,8,F,8,F,8,F,8,F,8,F,10,F,9,F,11,F,11,F,12,F,13,F,13,F,13,F,13,F,12,F,12,F,12,F,,
Syria,SYR,NEA,,Signed and Deposited,Fair,Tier 3,Member,Member,Member,,Member,,,,,,,,,4,,,,Observer,,,,1,,,,,,,,9914,10423,12416,14344,13502,6679,5189,6027,5558,5719,6770,6421,7408,8427,8366,9408,15130,20,1,0,1,15.1,18,1,35,,Concern,,,Not Free,NF,NF,NF,NF,NF,75,NF,75,NF,75,NF,75,NF,74,NF,74,NF,73,NF,71,NF,78,NF,80,NF,80,NF,83,NF,84,NF,83,NF,83,NF,83,NF,83,NF,84,NF,89,NF,88,NF,89,NF,,Middle Eastern Hub
Taiwan,TWN,EAP,,,Excellent,Tier 1,,,Member,,Member,,,,,,,,,2,Member,,,Member,,,,1,,,,,,,,344901,263967,269802,279153,242547,184827,152577,189854,196909,190634,179254,171588,129506,146149,149731,125367,31696,32,4,1,1,,,,,,Primary Concern,1,,,PF,PF,PF,PF,PF,29,F,30,F,30,F,28,F,25,F,25,F,21,F,22,F,21,F,24,F,23,F,21,F,20,F,20,F,20,F,23,F,24,F,25,F,25,F,26,F,26,F,,
Tajikistan,TJK,SCA,2,Deposited,Unsuitable,Tier 2,Member,Member,Member,,Member,Member,,,,,,,,5,,,,Member,,,,1,1,1,1,,,,,409,241,456,469,511,534,730,641,794,855,1517,2190,1733,1898,2045,1786,1456,20,2,1,1,58.3,,,,Watch List,Monitored,,,,N/A,N/A,N/A,N/A,NF,93,NF,93,NF,96,NF,95,NF,94,NF,94,NF,94,NF,79,NF,80,NF,76,NF,73,NF,74,NF,76,NF,76,NF,77,NF,78,NF,78,NF,78,NF,79,NF,79,NF,80,NF,,Central Asian Hub
Thailand,THA,EAP,2,Deposited,Good,Tier 2 Watch List,Member,Member,Member,,Member,,,,,,Member,,,5,Member,,,Member,Member,,,2,,,,,,,,66674,33371,47041,61300,59127,43415,38481,48310,53694,61521,68546,62199,50726,54921,56885,57575,62484,85,4,1,1,13.2,119,,,Priority Watch List,Primary Concern,1,,Partly Free,PF,PF,F,PF,F,54,PF,49,PF,31,PF,34,PF,31,PF,30,F,30,F,29,F,30,F,36,PF,39,PF,42,PF,50,PF,59,PF,56,PF,57,PF,58,PF,62,NF,60,PF,62,NF,64,NF,,East Asia Hub
The Bahamas,BHS,WHA,2,Deposited,Good,Tier 2,Member,Member,Member,Member,Member,,,,,,,,,5,,,,Observer,,Member,,2,,,,,,,,16168,17782,24987,18010,17354,14317,11609,16673,16673,15743,15356,13103,10425,12428,11520,10065,8695,13,0,0,0,16.9,9.9,,,,Primary Concern,,,,F,F,F,F,F,18,F,8,F,7,F,7,F,7,F,7,F,7,F,7,F,8,F,11,F,14,F,14,F,16,F,17,F,20,F,20,F,20,F,20,F,20,F,19,F,20,F,,Central American and Caribbean Hub
Timor-Leste,TLS,EAP,,Deposited,Unsuitable,Tier 2,Member,Member,Member,,Member,,,,,,,,,4,,,,,,,,0,1,1,,,,,,,,,16,29,46,56,68,94,96,98,144,142,120,174,161,181,2,4,5,0,56.7,498,,,,Monitored,,,,N/A,N/A,N/A,N/A,N/A,N/A,N/A,N/A,N/A,N/A,N/A,N/A,N/A,N/A,N/A,N/A,N/A,N/A,N/A,21,F,21,F,22,F,29,F,30,F,39,PF,42,PF,38,PF,37,PF,35,PF,35,PF,35,PF,35,PF,35,PF,,East Asia Hub
Togo,TGO,AF,,Signed and Deposited,Unsuitable,Tier 2,Member,Member,Member,,Member,,,,,Member,Member,Member,,7,,Member,,Member,,,,2,,,,,,,,1063,1228,1140,1559,2773,1955,1767,1795,1229,1038,1233,1395,1238,1253,1452,1521,1371,19,4,4,1,95.5,73,,,,Monitored,,,,NF,NF,NF,PF,NF,85,NF,67,NF,70,NF,70,NF,73,NF,73,NF,74,NF,72,NF,68,NF,74,NF,78,NF,73,NF,78,NF,74,NF,74,NF,72,NF,74,NF,73,NF,69,NF,70,NF,65,NF,,Western and Central Africa
Tonga,TON,EAP,,Deposited,Fair,Tier 2,Member,Member,Member,,Member,,,,,,,,,4,,,,Member,,,,1,,,,,,,,2072,1982,2895,2548,2762,1869,1187,1725,1997,1903,2047,1312,895,1006,1083,814,951,5,,0,0,12.8,14,,,,Monitored,,,,NF,PF,PF,PF,PF,35,PF,37,PF,35,PF,41,PF,39,PF,39,PF,36,PF,36,PF,36,PF,32,PF,44,PF,37,PF,32,PF,31,PF,31,PF,32,PF,32,PF,31,PF,29,F,29,F,29,F,,Pacific Hub
Trinidad and Tobago,TTO,WHA,2,Signed and Deposited,Fair,Tier 2 Watch List,Member,Member,Member,Member,Member,,,,,,,,,5,,,,Member,,Member,,2,,,,,,,,43422,43930,44863,57889,53143,32353,23303,41203,41203,42758,36015,30816,23221,24023,31645,34739,29268,16,0,0,0,20.7,24,,,Watch List,Concern,,,,F,F,F,F,F,29,F,25,F,26,F,30,F,28,F,28,F,28,F,28,F,30,F,25,F,25,F,24,F,26,F,24,F,23,F,23,F,23,F,24,F,25,F,26,F,25,F,,
Tunisia,TUN,NEA,,Signed and Deposited,Fair,Tier 2 Watch List,Member,Member,Member,,Member,,,,,Member,Member,,Member,7,,,,Member,,,,1,,,,,,,,7630,8080,9830,11905,6759,2096,2259,2874,3226,3353,3454,3763,3984,4834,5069,6393,7220,21,0,0,1,16.1,31,,,,Monitored,,,Partly Free,NF,PF,PF,PF,PF,59,PF,64,NF,70,NF,70,NF,74,NF,74,NF,74,NF,74,NF,73,NF,78,NF,80,NF,80,NF,83,NF,83,NF,81,NF,82,NF,85,NF,85,NF,51,PF,52,PF,53,PF,,Middle Eastern Hub
Turkey,TUR,EUR,,Signed and Deposited,Fair,Tier 2,Member,Member,Member,,Member,Member,Member,Member,,,Member,,,8,,,,Member,,,,1,,,,,,,,52118,57494,65574,76539,64139,46965,42794,46632,53121,57878,64751,76191,69513,77344,91992,93124,95152,24,2,1,1,14.2,22,,,Watch List,Primary Concern,,1,Partly Free,PF,PF,PF,PF,PF,59,PF,73,NF,74,NF,65,NF,69,NF,69,NF,58,PF,58,PF,58,PF,55,PF,52,PF,48,PF,48,PF,49,PF,51,PF,50,PF,51,PF,54,PF,55,PF,56,PF,62,NF,,
Turkmenistan,TKM,SCA,2,Deposited,Poor,Tier 2 Watch List,Member,Member,Member,,Member,Member,,,,,Member,,,6,,,,,,,,0,1,1,,,,,,565,496,457,548,718,504,588,911,902,941,961,839,1072,1215,1243,1389,1344,20,0,1,0,52.8,75,,,Watch List,Monitored,,,,N/A,N/A,N/A,N/A,NF,89,NF,84,NF,84,NF,84,NF,84,NF,85,NF,86,NF,89,NF,91,NF,92,NF,95,NF,96,NF,96,NF,96,NF,96,NF,96,NF,95,NF,96,NF,96,NF,96,NF,95,NF,,Central Asian Hub
Tuvalu,TUV,EAP,,Deposited,,,,Member,Member,,Member,,,,,,,,,3,,,,,,,,0,,,,,,,,164,172,227,175,217,283,232,201,266,235,282,246,146,105,116,133,128,2,0,0,0,29.7,241,,,,,,,,N/A,N/A,N/A,N/A,N/A,N/A,N/A,N/A,N/A,N/A,N/A,N/A,N/A,N/A,N/A,N/A,N/A,N/A,N/A,N/A,N/A,N/A,N/A,16,F,19,F,20,F,26,F,26,F,26,F,26,F,26,F,26,F,26,F,26,F,27,F,,Pacific Hub
Uganda,UGA,AF,1,Deposited,Poor,Tier 2,Member,Member,Member,,Member,,,,,Member,Member,Member,Member,8,,Member,,Member,,,,2,1,,1,1,1,,,2510,3188,4333,4627,4239,3422,3566,4085,3974,4335,4852,5670,5355,4644,5458,6322,6226,18,4,4,0,68.9,179,,,,Monitored,,,Partly Free,NF,NF,NF,NF,NF,84,NF,38,PF,38,PF,38,PF,40,PF,40,PF,40,PF,40,PF,42,PF,45,PF,44,PF,44,PF,52,PF,54,PF,53,PF,53,PF,54,PF,54,PF,57,PF,55,PF,58,PF,,East African Hub
Ukraine,UKR,EUR,1,Deposited,Fair,Tier 2 Watch List,Member,Member,Member,,Member,Member,,,,,,,,5,,,,Member,,,,1,,,,,,,,23427,25270,22248,27185,28776,21560,26608,31675,36208,40732,43673,51456,43698,45377,50086,54734,51934,13,0,0,1,10.7,93,,,,Primary Concern,,1,Free,N/A,N/A,N/A,N/A,PF,44,PF,42,PF,39,PF,49,PF,49,PF,50,PF,60,PF,60,PF,60,PF,67,NF,68,NF,59,PF,53,PF,53,PF,53,PF,55,PF,53,PF,56,PF,59,PF,60,PF,63,NF,,Central and Eastern European Hub
United Arab Emirates,ARE,NEA,,Deposited,Good,Tier 2,Member,Member,Member,,Member,,,,,,,,,4,,,,Member,,,,1,,,,,,,,10741,11310,11365,12000,11505,1906,1490,2533,3736,4517,5102,6677,8879,9173,11036,12404,16539,19,0,0,1,8.4,1.7,,,,Primary Concern,,,Not Free,NF,NF,NF,NF,NF,76,NF,77,NF,76,NF,76,NF,76,NF,76,NF,76,NF,76,NF,74,NF,74,NF,75,NF,72,NF,65,NF,68,NF,68,NF,69,NF,71,NF,71,NF,72,NF,74,NF,76,NF,Gold,Middle Eastern Hub
United Kingdom,GBR,EUR,,Signed and Deposited,Excellent,Tier 1,Member,Member,Member,,Member,Member,Member,Member,Member,,Member,,Member,10,,,,Member,,,,1,,,,,,,,243921,175882,155011,163150,158112,114976,105030,112101,111818,98367,94336,90603,81188,78874,85675,84652,89711,35,0,0,1,4.8,15,,,,Primary Concern,1,,Free,F,F,F,F,F,24,F,22,F,22,F,22,F,21,F,20,F,20,F,17,F,18,F,18,F,19,F,18,F,19,F,19,F,18,F,19,F,19,F,19,F,21,F,21,F,23,F,,
United Republic of Tanzania,TZA,AF,1,,Poor,,Member,Member,Member,,Member,,,,,Member,Member,Member,,7,,Member,,Member,,,,2,1,,,,1,,,3391,3564,5265,5719,6414,4245,4111,4120,4264,4429,5239,5774,5647,5959,5928,6208,5866,46,4,4,1,54,165,,,,Concern,,,,NF,NF,NF,NF,PF,60,PF,49,PF,49,PF,49,PF,48,PF,51,PF,49,PF,49,PF,49,PF,47,PF,50,PF,51,PF,50,PF,51,PF,48,PF,50,PF,50,PF,48,PF,49,PF,51,PF,55,PF,,East African Hub
United States of America,USA,US,,Signed and Deposited,,Tier 1,Member,Member,Member,Member,Member,Member,Member,Member,,,Member,,Member,10,Member,,Member,Member,,Member,Member,4,,,,,,,,,,,,,,,,,,,,,,,,,153,0,0,1,7.1,3.6,,,,Primary Concern,,,Free,F,F,F,F,F,12,F,12,F,14,F,14,F,12,F,13,F,13,F,15,F,16,F,17,F,13,F,17,F,16,F,16,F,17,F,18,F,19,F,17,F,18,F,18,F,21,F,,
Uruguay,URY,WHA,,Signed and Deposited,Fair,Tier 2 Watch List,Member,Member,Member,Member,Member,,,,,,,,,5,,,,Member,,,,1,,,,,,,,23274,22314,16776,2395,2486,3295,10712,14676,14676,14054,14587,15183,15369,16098,17443,19622,24877,29,0,0,0,7.2,27,,,,Primary Concern,,,,F,F,F,F,F,23,F,25,F,25,F,29,F,30,F,30,F,29,F,30,F,25,F,30,F,26,F,29,F,28,F,30,F,30,F,26,F,25,F,25,F,26,F,26,F,26,F,,South American Hub
Uzbekistan,UZB,SCA,2,Deposited,Poor,Tier 3 Auto-Downgrade,Member,Member,Member,,Member,Member,,,,,,,,5,,,,Observer,,,,1,1,1,,,,,,3576,3766,5004,6471,6097,3956,3957,3563,5020,4429,3071,3622,4725,6018,5812,7462,8504,21,1,1,1,39.6,78,,,Watch List,Monitored,,,Not Free,N/A,N/A,N/A,N/A,NF,85,NF,79,NF,75,NF,76,NF,76,NF,79,NF,83,NF,84,NF,84,NF,86,NF,84,NF,85,NF,90,NF,91,NF,92,NF,93,NF,92,NF,94,NF,95,NF,95,NF,95,NF,,Central Asian Hub
Vanuatu,VUT,EAP,,Deposited,Poor,,Member,Member,Member,,Member,,,,,,,,,4,,,,Member,,,,1,,,,,,,,68,76,86,173,117,72,75,58,63,49,83,79,92,79,123,103,89,8,0,1,0,17.9,65,,,,Concern,,,,F,F,F,F,F,45,PF,54,PF,42,PF,42,PF,42,PF,42,PF,44,PF,37,PF,24,F,21,F,23,F,24,F,25,F,24,F,23,F,23,F,23,F,25,F,26,F,25,F,25,F,,Pacific Hub
Vatican,VAT,EUR,,Deposited,,,,,,,,Member,,,,,Member,,,2,,,,Observer,,,,1,,,,,,,,75,77,76,62,58,63,39,72,47,31,52,83,58,52,35,32,23,,0,0,,,,,,,,,,,,,,,,,,,,,,,,,,,,,,,,,,,,,,,,,,,,,,,,,,,,,,,,,,,
Venezuela,VEN,WHA,,Signed and Deposited,Good,Tier 2 Watch List,Member,Member,Member,Member,Member,,,,,,Member,,,6,,,,Member,,,,1,,,,,,,,87172,106496,119232,116414,128827,89022,70366,79381,79381,109586,103133,102154,119621,165882,198442,228207,221204,42,4,6,1,15.3,33,,,Priority Watch List,Primary Concern,,,Partly Free,F,F,F,F,F,30,F,49,PF,31,PF,32,PF,33,PF,33,PF,34,PF,34,PF,44,PF,68,NF,68,NF,72,NF,72,NF,74,NF,74,NF,73,NF,75,NF,76,NF,76,NF,76,NF,78,NF,,South American Hub
Vietnam,VNM,EAP,1,Deposited,Poor,Tier 2,Member,Member,Member,,Member,,,,,,,,,4,Member,,,Member,Member,,,2,1,1,,1,1,,,8539,8963,8839,13339,20446,21409,17210,20522,25479,28490,38602,47956,41854,46192,50483,58117,67058,88,4,1,1,23,147,,,Watch List,Concern,,1,Not Free,NF,NF,NF,NF,NF,71,NF,68,NF,68,NF,69,NF,71,NF,71,NF,75,NF,80,NF,82,NF,82,NF,82,NF,82,NF,79,NF,77,NF,82,NF,83,NF,82,NF,83,NF,84,NF,84,NF,84,NF,,East Asia Hub
Western Sahara,ESH,NEA,,,,,,,,,,,,,,,,,,0,,,,,,,,0,,,,,,,,,,,,,,,,,,,,,,,,,20,,0,,,,,,,,,,,,,,,,,,,,,,,,,,,,,,,,,,,,,,,,,,,,,,,,,,,,,,,,,,,
Yemen,YEM,NEA,,Signed and Deposited,Unsuitable,Tier 3,Member,Member,Member,,Member,,,,,,Member,,,5,,,,Observer,,,,1,,,,,,,,3419,3287,3665,4076,3083,1177,1292,1410,1784,2314,1942,1573,2091,2329,2345,3497,4079,22,4,4,0,60,49,,,,Concern,,,,N/A,N/A,NF,NF,NF,55,PF,63,NF,68,NF,68,NF,68,NF,68,NF,68,NF,69,NF,65,NF,69,NF,67,NF,76,NF,81,NF,80,NF,78,NF,79,NF,80,NF,83,NF,83,NF,79,NF,76,NF,,Middle Eastern Hub
Zambia,ZMB,AF,1,Deposited,Poor,Tier 2,Member,Member,Member,,Member,,,,,Member,Member,Member,Member,8,,Member,,Member,,,,2,,,,,,,,2045,2261,2864,3312,5012,3149,2337,2564,2837,2734,2235,1954,1830,2629,2512,2955,2911,13,4,2,0,88.5,427,,,,Monitored,,,,NF,NF,NF,PF,F,50,PF,61,NF,60,NF,61,NF,60,PF,62,NF,62,NF,62,NF,65,NF,63,NF,63,NF,65,NF,64,NF,64,NF,64,NF,65,NF,64,NF,61,NF,60,PF,60,PF,61,NF,Silver,Southern Africa
Zimbabwe,ZWE,AF,1,Deposited,Unsuitable,Tier 3,Member,Member,Member,,Member,,,,,Member,,,,5,,Member,,Member,,,,2,,,,,,,,5032,5934,6518,7941,6362,4660,4073,4298,4499,4228,4562,4795,4689,4568,5769,6004,6131,15,4,4,0,89.8,562,,,,Primary Concern,,,,NF,NF,PF,PF,PF,48,PF,59,PF,56,PF,57,PF,61,NF,64,NF,67,NF,69,NF,83,NF,88,NF,89,NF,89,NF,90,NF,89,NF,89,NF,88,NF,84,NF,81,NF,80,NF,77,NF,73,NF,,Southern Africa
,,,,,,,,,,,,,,,,,,,,,,,,,,,,,,,,,,,,,,,,,,,,,,,,,,,,,,,,,,,,,,,,,,,,,,,,,,,,,,,,,,,,,,,,,,,,,,,,,,,,,,,,,,,,,,,,,,
,,,,,,,,,,,,,,,,,,,,,,,,,,,,,,,,,,,,,,,,,,,,,,,,,,,,,,,,,,,,,,,,,,,,,,,,,,,,,,,,,,,,,,,,,,,,,,,,,,,,,,,,,,,,,,,,,,
,,,,,,,,,,,,,,,,,,,,,,,,,,,,,,,,,,,,,,,,,,,,,,,,,,,,,,,,,,,,,,,,,,,,,,,,,,,,,,,,,,,,,,,,,,,,,,,,,,,,,,,,,,,,,,,,,,
,,,,,,,,,,,,,,,,,,,,,,,,,,,,,,,,,,,,,,,,,,,,,,,,,,,,,,,,,,,,,,,,,,,,,,,,,,,,,,,,,,,,,,,,,,,,,,,,,,,,,,,,,,,,,,,,,,
,,,,,,,,,,,,,,,,,,,,,,,,,,,,,,,,,,,,,,,,,,,,,,,,,,,,,,,,,,,,,,,,,,,,,,,,,,,,,,,,,,,,,,,,,,,,,,,,,,,,,,,,,,,,,,,,,,
,,,,,,,,,,,,,,,,,,,,,,,,,,,,,,,,,,,,,,,,,,,,,,,,,,,,,,,,,,,,,,,,,,,,,,,,,,,,,,,,,,,,,,,,,,,,,,,,,,,,,,,,,,,,,,,,,,
,,,,,,,,,,,,,,,,,,,,,,,,,,,,,,,,,,,,,,,,,,,,,,,,,,,,,,,,,,,,,,,,,,,,,,,,,,,,,,,,,,,,,,,,,,,,,,,,,,,,,,,,,,,,,,,,,,
,,,,,,,,,,,,,,,,,,,,,,,,,,,,,,,,,,,,,,,,,,,,,,,,,,,,,,,,,,,,,,,,,,,,,,,,,,,,,,,,,,,,,,,,,,,,,,,,,,,,,,,,,,,,,,,,,,
,,,,,,,,,,,,,,,,,,,,,,,,,,,,,,,,,,,,,,,,,,,,,,,,,,,,,,,,,,,,,,,,,,,,,,,,,,,,,,,,,,,,,,,,,,,,,,,,,,,,,,,,,,,,,,,,,,
,,,,,,,,,,,,,,,,,,,,,,,,,,,,,,,,,,,,,,,,,,,,,,,,,,,,,,,,,,,,,,,,,,,,,,,,,,,,,,,,,,,,,,,,,,,,,,,,,,,,,,,,,,,,,,,,,,
,,,,,,,,,,,,,,,,,,,,,,,,,,,,,,,,,,,,,,,,,,,,,,,,,,,,,,,,,,,,,,,,,,,,,,,,,,,,,,,,,,,,,,,,,,,,,,,,,,,,,,,,,,,,,,,,,,
,,,,,,,,,,,,,,,,,,,,,,,,,,,,,,,,,,,,,,,,,,,,,,,,,,,,,,,,,,,,,,,,,,,,,,,,,,,,,,,,,,,,,,,,,,,,,,,,,,,,,,,,,,,,,,,,,,
,,,,,,,,,,,,,,,,,,,,,,,,,,,,,,,,,,,,,,,,,,,,,,,,,,,,,,,,,,,,,,,,,,,,,,,,,,,,,,,,,,,,,,,,,,,,,,,,,,,,,,,,,,,,,,,,,,
,,,,,,,,,,,,,,,,,,,,,,,,,,,,,,,,,,,,,,,,,,,,,,,,,,,,,,,,,,,,,,,,,,,,,,,,,,,,,,,,,,,,,,,,,,,,,,,,,,,,,,,,,,,,,,,,,,
,,,,,,,,,,,,,,,,,,,,,,,,,,,,,,,,,,,,,,,,,,,,,,,,,,,,,,,,,,,,,,,,,,,,,,,,,,,,,,,,,,,,,,,,,,,,,,,,,,,,,,,,,,,,,,,,,,
,,,,,,,,,,,,,,,,,,,,,,,,,,,,,,,,,,,,,,,,,,,,,,,,,,,,,,,,,,,,,,,,,,,,,,,,,,,,,,,,,,,,,,,,,,,,,,,,,,,,,,,,,,,,,,,,,,
,,,,,,,,,,,,,,,,,,,,,,,,,,,,,,,,,,,,,,,,,,,,,,,,,,,,,,,,,,,,,,,,,,,,,,,,,,,,,,,,,,,,,,,,,,,,,,,,,,,,,,,,,,,,,,,,,,
